-- phpMyAdmin SQL Dump
-- version 4.7.4
-- https://www.phpmyadmin.net/
--
-- Host: 127.0.0.1
-- Generation Time: Jan 13, 2019 at 12:15 PM
-- Server version: 10.1.29-MariaDB
-- PHP Version: 7.2.0

SET SQL_MODE = "NO_AUTO_VALUE_ON_ZERO";
SET AUTOCOMMIT = 0;
START TRANSACTION;
SET time_zone = "+00:00";


/*!40101 SET @OLD_CHARACTER_SET_CLIENT=@@CHARACTER_SET_CLIENT */;
/*!40101 SET @OLD_CHARACTER_SET_RESULTS=@@CHARACTER_SET_RESULTS */;
/*!40101 SET @OLD_COLLATION_CONNECTION=@@COLLATION_CONNECTION */;
/*!40101 SET NAMES utf8mb4 */;

--
-- Database: `eapi`
--

-- --------------------------------------------------------

--
-- Table structure for table `migrations`
--

CREATE TABLE `migrations` (
  `id` int(10) UNSIGNED NOT NULL,
  `migration` varchar(191) COLLATE utf8mb4_unicode_ci NOT NULL,
  `batch` int(11) NOT NULL
) ENGINE=InnoDB DEFAULT CHARSET=utf8mb4 COLLATE=utf8mb4_unicode_ci;

--
-- Dumping data for table `migrations`
--

INSERT INTO `migrations` (`id`, `migration`, `batch`) VALUES
(1, '2014_10_12_000000_create_users_table', 1),
(2, '2014_10_12_100000_create_password_resets_table', 1),
(3, '2019_01_13_100402_create_products_table', 1),
(4, '2019_01_13_100440_create_reviews_table', 1);

-- --------------------------------------------------------

--
-- Table structure for table `password_resets`
--

CREATE TABLE `password_resets` (
  `email` varchar(191) COLLATE utf8mb4_unicode_ci NOT NULL,
  `token` varchar(191) COLLATE utf8mb4_unicode_ci NOT NULL,
  `created_at` timestamp NULL DEFAULT NULL
) ENGINE=InnoDB DEFAULT CHARSET=utf8mb4 COLLATE=utf8mb4_unicode_ci;

-- --------------------------------------------------------

--
-- Table structure for table `products`
--

CREATE TABLE `products` (
  `id` int(10) UNSIGNED NOT NULL,
  `name` varchar(191) COLLATE utf8mb4_unicode_ci NOT NULL,
  `detail` text COLLATE utf8mb4_unicode_ci NOT NULL,
  `price` int(11) NOT NULL,
  `stock` int(11) NOT NULL,
  `discount` int(11) NOT NULL,
  `created_at` timestamp NULL DEFAULT NULL,
  `updated_at` timestamp NULL DEFAULT NULL
) ENGINE=InnoDB DEFAULT CHARSET=utf8mb4 COLLATE=utf8mb4_unicode_ci;

--
-- Dumping data for table `products`
--

INSERT INTO `products` (`id`, `name`, `detail`, `price`, `stock`, `discount`, `created_at`, `updated_at`) VALUES
(1, 'reprehenderit', 'Voluptatem dignissimos ut excepturi est facere rerum consequuntur. Enim adipisci tenetur cumque ea asperiores. Et facere similique est. Blanditiis quis et sequi doloribus facere soluta. Ullam est esse optio temporibus quo.', 778, 6, 21, '2019-01-13 05:12:24', '2019-01-13 05:12:24'),
(2, 'aut', 'Aliquid est veniam est voluptatem alias est. Voluptate harum sequi quas inventore suscipit molestias voluptatem eligendi. Nisi autem doloremque maiores omnis qui exercitationem esse. Tempora exercitationem qui velit modi voluptatem quae vel ea.', 675, 3, 18, '2019-01-13 05:12:24', '2019-01-13 05:12:24'),
(3, 'distinctio', 'Est quia et maxime tempore ipsam sed vel. Odio nesciunt totam laborum voluptas quia. Et labore omnis et sit. Earum et quaerat et id. Amet impedit quis quo et quia et.', 757, 9, 29, '2019-01-13 05:12:24', '2019-01-13 05:12:24'),
(4, 'laboriosam', 'Vel quisquam corporis ea nemo incidunt consectetur vero. Laborum corporis dolore optio facere. Corrupti architecto soluta quaerat quam adipisci. Inventore debitis ducimus suscipit ea.', 859, 4, 26, '2019-01-13 05:12:24', '2019-01-13 05:12:24'),
(5, 'ut', 'Tenetur dolores cupiditate aspernatur unde. Minus nulla inventore quaerat dolorem. Rem distinctio excepturi aperiam. Qui temporibus distinctio deleniti non fuga velit accusamus.', 145, 1, 20, '2019-01-13 05:12:24', '2019-01-13 05:12:24'),
(6, 'rerum', 'Debitis aut similique consequatur beatae culpa voluptas placeat dolore. Pariatur quis quis ipsa quam quos. Natus nihil est vitae quos ratione.', 959, 4, 6, '2019-01-13 05:12:24', '2019-01-13 05:12:24'),
(7, 'molestias', 'Consequatur qui amet illo explicabo enim quos. Velit molestiae dolor sunt ipsum totam beatae necessitatibus. Cumque necessitatibus quasi est non voluptas omnis.', 234, 4, 29, '2019-01-13 05:12:24', '2019-01-13 05:12:24'),
(8, 'explicabo', 'Quidem perferendis id architecto est dolores cumque voluptate dolore. Eligendi exercitationem nostrum consequatur qui omnis consequuntur. Exercitationem ipsum sapiente distinctio id quod id et nam. Accusantium omnis aliquam magni placeat eum.', 445, 9, 6, '2019-01-13 05:12:24', '2019-01-13 05:12:24'),
(9, 'labore', 'Quia et in vel eum voluptatem sit sint. Voluptas assumenda deleniti esse illum recusandae quo excepturi. Fugit rerum quae itaque at magnam qui. Laudantium minus eos rerum eaque alias officia.', 697, 2, 14, '2019-01-13 05:12:24', '2019-01-13 05:12:24'),
(10, 'quo', 'Libero omnis quas autem ea esse fugit. Dolores pariatur aliquam commodi. Commodi ab voluptatum at et et.', 247, 9, 15, '2019-01-13 05:12:24', '2019-01-13 05:12:24'),
(11, 'voluptatem', 'Deleniti magni ratione aut sit. Totam et aut repudiandae qui cum neque. Expedita illum sint exercitationem fuga et praesentium dolor. Tempora optio quia enim ab. Neque dolorem provident ut aliquam est.', 971, 7, 27, '2019-01-13 05:12:24', '2019-01-13 05:12:24'),
(12, 'doloremque', 'Rerum quod quasi officiis ullam perferendis. Rerum quia quo ex. Ut laudantium inventore cum iure eveniet.', 233, 2, 19, '2019-01-13 05:12:24', '2019-01-13 05:12:24'),
(13, 'impedit', 'In aliquam dolorum tenetur qui quidem. Rem ut ratione quia aut velit nostrum. Ut minus et aut et aut enim numquam quo.', 209, 4, 17, '2019-01-13 05:12:24', '2019-01-13 05:12:24'),
(14, 'impedit', 'Est nihil nesciunt rerum est veniam aut. Facilis aliquid quia deleniti soluta.', 736, 9, 5, '2019-01-13 05:12:24', '2019-01-13 05:12:24'),
(15, 'eum', 'Deleniti rem omnis et asperiores saepe voluptates inventore. Vero alias et temporibus saepe impedit. Minima numquam deserunt quia et natus animi qui. Veniam ipsam similique et praesentium voluptas.', 332, 4, 5, '2019-01-13 05:12:24', '2019-01-13 05:12:24'),
(16, 'ad', 'Possimus eveniet ut quisquam eaque doloremque qui sunt. Maxime unde nostrum consectetur dolores quia pariatur. Dolor qui in quas omnis.', 911, 1, 28, '2019-01-13 05:12:25', '2019-01-13 05:12:25'),
(17, 'reiciendis', 'Aut ex aut velit ut voluptatem unde accusantium. Hic id nam quae ea. Tenetur in aut totam aut laborum a.', 528, 7, 3, '2019-01-13 05:12:25', '2019-01-13 05:12:25'),
(18, 'dolorem', 'Et et id quibusdam nihil iusto. Et sit distinctio nihil. Quia possimus corrupti iure facilis sint natus minus.', 614, 8, 9, '2019-01-13 05:12:25', '2019-01-13 05:12:25'),
(19, 'ullam', 'Similique deserunt dolorem labore aliquid aperiam delectus nesciunt. Quo aut iste eligendi et fugiat rerum. Recusandae autem doloribus eos molestias earum amet assumenda eveniet.', 596, 7, 13, '2019-01-13 05:12:25', '2019-01-13 05:12:25'),
(20, 'numquam', 'Pariatur nisi tenetur enim occaecati. Molestiae saepe sed quos veniam. Vitae sit iste ipsum autem.', 523, 1, 14, '2019-01-13 05:12:25', '2019-01-13 05:12:25'),
(21, 'ut', 'Voluptates rem rerum aperiam temporibus. Unde similique necessitatibus in voluptas. Nihil aut et incidunt et.', 637, 8, 4, '2019-01-13 05:12:25', '2019-01-13 05:12:25'),
(22, 'perferendis', 'Autem ea ut molestias odit perferendis. Non pariatur rerum sapiente rerum facere animi molestiae omnis. Odio velit similique fuga explicabo quia.', 754, 1, 16, '2019-01-13 05:12:25', '2019-01-13 05:12:25'),
(23, 'ullam', 'Voluptatem in distinctio voluptas illo dolor fuga veritatis. Quia autem deserunt non eum aut et. Voluptatibus qui eos temporibus repellat.', 252, 2, 5, '2019-01-13 05:12:25', '2019-01-13 05:12:25'),
(24, 'quasi', 'Sed accusantium atque sit ea officiis facilis. Id nesciunt aut qui aut nihil voluptas quod aspernatur. Aut consequatur dolor qui rem recusandae.', 908, 8, 28, '2019-01-13 05:12:25', '2019-01-13 05:12:25'),
(25, 'tempore', 'Atque illo eligendi quis dolores at fuga. Aliquam voluptas similique dolor praesentium ad nihil. Et debitis placeat quibusdam ea rerum commodi voluptatibus.', 322, 3, 19, '2019-01-13 05:12:25', '2019-01-13 05:12:25'),
(26, 'soluta', 'Aliquid nostrum quis nobis est qui non. Aspernatur neque reiciendis id suscipit. Aut reiciendis labore molestias cum nihil necessitatibus unde.', 473, 1, 29, '2019-01-13 05:12:25', '2019-01-13 05:12:25'),
(27, 'iusto', 'Sed iste numquam illo porro. Unde incidunt quis magni earum consectetur voluptate.', 693, 0, 17, '2019-01-13 05:12:25', '2019-01-13 05:12:25'),
(28, 'officia', 'Quos eius et laboriosam sit fugiat. Eos aliquid corporis eligendi facere et doloribus et. Et quisquam facilis sit et.', 164, 7, 14, '2019-01-13 05:12:25', '2019-01-13 05:12:25'),
(29, 'accusamus', 'Non ut sed voluptas minima. Est vel sint sit qui neque. Aliquid ipsam animi qui quia reprehenderit. Atque qui dignissimos blanditiis doloribus ut vitae.', 903, 2, 3, '2019-01-13 05:12:25', '2019-01-13 05:12:25'),
(30, 'incidunt', 'Et perspiciatis consequatur molestiae aliquam quia deleniti laudantium dignissimos. Aliquid et quaerat necessitatibus et rerum optio. Culpa rerum qui dignissimos molestiae cumque sit ab.', 841, 2, 28, '2019-01-13 05:12:25', '2019-01-13 05:12:25'),
(31, 'sunt', 'Corrupti doloribus eum deleniti deleniti qui eos natus. Expedita aliquid quasi sit laborum. Qui et quia inventore deserunt saepe quis consequatur unde. Enim et repudiandae voluptatem necessitatibus.', 310, 7, 11, '2019-01-13 05:12:25', '2019-01-13 05:12:25'),
(32, 'dignissimos', 'Delectus minima accusantium voluptates non ut eius alias animi. Saepe neque porro laudantium est. Sint eligendi consequatur magnam eum perferendis. Deleniti consectetur aperiam neque.', 999, 1, 27, '2019-01-13 05:12:25', '2019-01-13 05:12:25'),
(33, 'ex', 'Ratione at nobis dolorem minus et et. Aut perspiciatis qui eos placeat. Voluptatum nostrum sit dolores eos.', 348, 9, 3, '2019-01-13 05:12:25', '2019-01-13 05:12:25'),
(34, 'non', 'Modi possimus et quaerat qui ut consequatur. Qui ea laudantium facilis maxime. Debitis nihil tenetur similique qui maiores est. Tenetur aut amet excepturi.', 832, 7, 8, '2019-01-13 05:12:25', '2019-01-13 05:12:25'),
(35, 'autem', 'Labore non eos et deserunt. Mollitia dolores molestiae maxime. Culpa quasi et vero quis.', 632, 3, 24, '2019-01-13 05:12:25', '2019-01-13 05:12:25'),
(36, 'qui', 'Voluptatem velit nostrum quisquam blanditiis. Sapiente a sit sint molestias autem quae. Perspiciatis est fugiat voluptatem. Possimus omnis consequatur iure esse est qui cupiditate.', 742, 4, 20, '2019-01-13 05:12:25', '2019-01-13 05:12:25'),
(37, 'pariatur', 'Sunt nihil velit ad odit ducimus odit. Sit qui impedit eveniet optio perspiciatis incidunt. Veniam voluptatem necessitatibus molestiae qui quibusdam. Impedit vero et dolore sed ducimus aspernatur harum.', 359, 3, 4, '2019-01-13 05:12:25', '2019-01-13 05:12:25'),
(38, 'exercitationem', 'Cumque ad omnis earum assumenda et iste rerum. Ad eum voluptatem magnam et minima. Tempora doloribus culpa ut repudiandae ea. Aspernatur in sunt quia aut reprehenderit nostrum maiores suscipit. Ut occaecati sunt temporibus sunt amet.', 391, 3, 29, '2019-01-13 05:12:25', '2019-01-13 05:12:25'),
(39, 'sed', 'Soluta illo molestias eligendi deserunt corporis facere reiciendis. Maxime voluptatibus non quo quibusdam quia molestiae. Corporis maiores aliquam qui est occaecati quia laboriosam beatae. Aut ea ad consequatur et blanditiis ipsa.', 771, 9, 4, '2019-01-13 05:12:25', '2019-01-13 05:12:25'),
(40, 'praesentium', 'Optio nisi qui molestias voluptas fugit. At hic voluptas occaecati maiores. Et vel dicta quam corrupti voluptas non. Laboriosam laborum quidem non quidem eius nemo quo.', 202, 9, 24, '2019-01-13 05:12:25', '2019-01-13 05:12:25'),
(41, 'accusantium', 'Eaque soluta aut molestias sint officia ducimus tenetur. Perspiciatis expedita iste soluta. Voluptas laboriosam quia rerum quia sint sequi. Dolores quia sed quo rem natus aut.', 133, 8, 14, '2019-01-13 05:12:25', '2019-01-13 05:12:25'),
(42, 'accusamus', 'Sit sint officiis assumenda sequi magni sint. Labore nesciunt facilis eius unde eveniet. Quis enim unde quia aut aut animi.', 269, 0, 27, '2019-01-13 05:12:25', '2019-01-13 05:12:25'),
(43, 'cum', 'Debitis voluptas officiis aspernatur vel rerum nemo officiis. Officia enim distinctio qui saepe. Repudiandae a qui dolorum asperiores numquam voluptas. Voluptates voluptate culpa eos beatae.', 637, 8, 7, '2019-01-13 05:12:25', '2019-01-13 05:12:25'),
(44, 'autem', 'Consequatur et eos quos quia aspernatur excepturi corporis et. Ratione sint possimus iure blanditiis. Qui dolor molestias laboriosam reprehenderit veritatis eveniet impedit. Exercitationem ut velit deleniti excepturi totam nulla consequuntur.', 616, 6, 12, '2019-01-13 05:12:25', '2019-01-13 05:12:25'),
(45, 'quod', 'Maxime minima et distinctio. Nihil delectus blanditiis non magni autem earum tenetur. Sint voluptas rerum harum saepe distinctio vel sit. Earum placeat molestiae ipsam corporis eos.', 291, 1, 20, '2019-01-13 05:12:25', '2019-01-13 05:12:25'),
(46, 'amet', 'Eius rerum non placeat et commodi ea fugit maxime. Repellat necessitatibus numquam amet ut sunt consequuntur.', 178, 8, 30, '2019-01-13 05:12:25', '2019-01-13 05:12:25'),
(47, 'et', 'Occaecati aut consequatur aut non aperiam accusamus est. Sed est expedita quidem non sint beatae rerum. Ea qui aut quis et est fuga numquam.', 285, 5, 5, '2019-01-13 05:12:25', '2019-01-13 05:12:25'),
(48, 'voluptatum', 'In quia ea sed. In voluptatem est repellat aliquid omnis eos repellat. Consequatur tempore qui doloremque.', 331, 0, 10, '2019-01-13 05:12:26', '2019-01-13 05:12:26'),
(49, 'beatae', 'Voluptatem ipsum ut harum voluptates est. Aut esse dolor nostrum et rerum illum quis. Qui magni et sapiente et est fuga quia suscipit.', 171, 8, 13, '2019-01-13 05:12:26', '2019-01-13 05:12:26'),
(50, 'at', 'Nisi quam et est aut possimus blanditiis magnam. Aut quae quo illum veritatis aperiam expedita. Repudiandae quo ipsum sit voluptatem sequi est at.', 634, 5, 30, '2019-01-13 05:12:26', '2019-01-13 05:12:26');

-- --------------------------------------------------------

--
-- Table structure for table `reviews`
--

CREATE TABLE `reviews` (
  `id` int(10) UNSIGNED NOT NULL,
  `product_id` int(10) UNSIGNED NOT NULL,
  `customer` varchar(191) COLLATE utf8mb4_unicode_ci NOT NULL,
  `review` text COLLATE utf8mb4_unicode_ci NOT NULL,
  `star` int(11) NOT NULL,
  `created_at` timestamp NULL DEFAULT NULL,
  `updated_at` timestamp NULL DEFAULT NULL
) ENGINE=InnoDB DEFAULT CHARSET=utf8mb4 COLLATE=utf8mb4_unicode_ci;

--
-- Dumping data for table `reviews`
--

INSERT INTO `reviews` (`id`, `product_id`, `customer`, `review`, `star`, `created_at`, `updated_at`) VALUES
(1, 33, 'Wayne Satterfield II', 'Ea et blanditiis nostrum aut est facere beatae nihil. Deleniti explicabo in qui iste est occaecati. Et et qui vitae odit eum nihil. Modi voluptatem dolore optio cumque libero repellendus totam.', 1, '2019-01-13 05:12:28', '2019-01-13 05:12:28'),
(2, 27, 'Shany Cummerata', 'Recusandae repellat laudantium sed esse dolorem. Vero non consequatur aut ut natus eos quis. Ratione suscipit illo dolorem iure totam sit qui dolore. Minus perferendis nisi libero et occaecati voluptatem. Ut qui occaecati veniam.', 3, '2019-01-13 05:12:28', '2019-01-13 05:12:28'),
(3, 41, 'Crystal Muller', 'Commodi dolores et sit quae omnis. Nisi distinctio rerum molestiae corrupti accusamus.', 4, '2019-01-13 05:12:28', '2019-01-13 05:12:28'),
(4, 50, 'Meaghan Bogisich', 'Pariatur dolores ipsa occaecati praesentium mollitia. Sunt perspiciatis doloremque et beatae libero in aliquid. Libero cumque placeat aut aperiam sed officiis sit architecto.', 5, '2019-01-13 05:12:28', '2019-01-13 05:12:28'),
(5, 13, 'Dr. Isidro Lebsack', 'Est tenetur numquam beatae praesentium ea pariatur. Error omnis ipsam dolores unde reiciendis quisquam quaerat. Laboriosam fugiat minima qui eos. Et eos qui culpa alias omnis.', 0, '2019-01-13 05:12:28', '2019-01-13 05:12:28'),
(6, 19, 'Lizzie Shields', 'Laborum qui minima quae. Qui hic vitae consequuntur quia. Consequatur pariatur accusamus qui.', 4, '2019-01-13 05:12:28', '2019-01-13 05:12:28'),
(7, 46, 'Dr. Nathanial Strosin MD', 'Mollitia iusto quia vero suscipit voluptatum tenetur doloribus ea. Quidem numquam voluptatem similique quia quidem rem. Dicta ut temporibus consequatur placeat ut harum deserunt. Temporibus dolores ducimus dolore nisi enim ut quaerat quaerat.', 5, '2019-01-13 05:12:28', '2019-01-13 05:12:28'),
(8, 12, 'Sarah Mosciski', 'Distinctio totam labore nihil eum qui recusandae. Ipsum qui esse nam. Et fugit autem quo enim. Similique architecto eos est cum quam placeat.', 0, '2019-01-13 05:12:28', '2019-01-13 05:12:28'),
(9, 28, 'Meagan Schowalter PhD', 'Quae vero iusto error. Eos eum ut sunt voluptatibus commodi error. Sed impedit rerum non nemo voluptatum magni.', 3, '2019-01-13 05:12:28', '2019-01-13 05:12:28'),
(10, 40, 'Anissa Schmitt', 'Vero molestias veritatis nihil quos. Est facilis asperiores consequuntur non sint cumque consectetur. At et minus eos aspernatur modi.', 3, '2019-01-13 05:12:29', '2019-01-13 05:12:29'),
(11, 8, 'Mr. Pablo Rutherford Jr.', 'Sit adipisci sunt doloribus veritatis consequatur eos. Enim pariatur et tempore quam. Possimus tempora officiis nam et aut. Laboriosam quidem doloribus eveniet sint aut corrupti fugiat a. Veniam et aspernatur quo perspiciatis exercitationem cum saepe ullam.', 0, '2019-01-13 05:12:29', '2019-01-13 05:12:29'),
(12, 9, 'Bernhard Parker I', 'Est occaecati qui dolore eligendi culpa. Ratione reprehenderit architecto voluptatem voluptatem.', 0, '2019-01-13 05:12:29', '2019-01-13 05:12:29'),
(13, 43, 'Marina Beer', 'Ab sapiente veritatis nam nihil est placeat voluptas. Enim et et sit veritatis dolor vitae iusto. Quaerat quae aperiam ipsum suscipit.', 1, '2019-01-13 05:12:29', '2019-01-13 05:12:29'),
(14, 16, 'Maye Ondricka', 'Mollitia recusandae et sed nihil eos. Maiores rerum quisquam in debitis commodi ut perspiciatis. Voluptatum id aut magni soluta eaque veniam.', 1, '2019-01-13 05:12:29', '2019-01-13 05:12:29'),
(15, 2, 'Emie Blanda', 'Asperiores explicabo dolores quod vel. Ea quod harum iusto iure. Ut quae et architecto qui officiis. Incidunt praesentium voluptatem quo itaque tempore amet commodi autem.', 0, '2019-01-13 05:12:29', '2019-01-13 05:12:29'),
(16, 16, 'Emerald Nader', 'Distinctio eum magnam deserunt voluptas. Et consequuntur sint odit autem facere vitae ut.', 1, '2019-01-13 05:12:29', '2019-01-13 05:12:29'),
(17, 20, 'Dr. Leonel Carter', 'Est voluptates aut distinctio magnam sed. Qui qui doloribus quia occaecati voluptatem omnis placeat. Facilis molestiae consequatur est quasi.', 0, '2019-01-13 05:12:29', '2019-01-13 05:12:29'),
(18, 44, 'Frances Jones Sr.', 'Enim maiores est quos iste repudiandae maiores. Maiores temporibus nihil voluptate necessitatibus qui quia. Soluta harum voluptas nihil totam ipsum.', 5, '2019-01-13 05:12:29', '2019-01-13 05:12:29'),
(19, 14, 'Astrid Gleason', 'Nam animi laborum repudiandae consequatur a vero. Esse consequatur sint et ullam sed et perspiciatis. Sit eaque nihil aut non ea placeat.', 5, '2019-01-13 05:12:29', '2019-01-13 05:12:29'),
(20, 4, 'Adela Cassin V', 'In ad ex et quo quis ea voluptate. Corporis eligendi quibusdam numquam veniam ut. Exercitationem velit aliquam hic omnis consectetur natus eveniet iusto. Nam sunt quia sed laboriosam laborum consequatur dolorum.', 0, '2019-01-13 05:12:29', '2019-01-13 05:12:29'),
(21, 34, 'Laurianne Moen', 'Alias reprehenderit omnis enim voluptatum rerum est aut modi. Qui eligendi similique veritatis voluptatem enim enim. Aut nulla veritatis sit ipsa adipisci.', 0, '2019-01-13 05:12:29', '2019-01-13 05:12:29'),
(22, 7, 'Darrion Tromp I', 'Nihil laboriosam voluptatum sequi dolor fugiat. Sit quia rerum voluptate inventore unde et. Cumque enim sit autem rerum doloremque esse rerum. Harum quis facere nisi fuga consectetur.', 4, '2019-01-13 05:12:29', '2019-01-13 05:12:29'),
(23, 28, 'Lesly McCullough', 'Fugiat voluptas nihil ut incidunt eos. Officiis autem totam explicabo cupiditate iusto. Itaque mollitia nam mollitia fugiat vel explicabo. Eligendi rerum laudantium vel ea aut suscipit omnis.', 0, '2019-01-13 05:12:29', '2019-01-13 05:12:29'),
(24, 3, 'Charlotte Quitzon', 'Cumque cum est quo. Quia voluptatem alias magni earum mollitia magnam iure quam. Inventore sint non voluptatem tenetur quisquam sapiente.', 0, '2019-01-13 05:12:30', '2019-01-13 05:12:30'),
(25, 3, 'Rhett Jenkins', 'Labore ut eum veniam velit. Inventore recusandae nihil officia aut nobis eligendi accusamus. Reprehenderit quos autem rerum. Nam quo voluptatem molestiae cumque saepe vero. Et occaecati quis aut repellat asperiores quae debitis.', 0, '2019-01-13 05:12:30', '2019-01-13 05:12:30'),
(26, 38, 'Obie Koss', 'Enim et ratione molestias tempora dolores minus. Aut id provident dolor totam omnis quasi est rerum. Perferendis impedit voluptatum qui quis.', 2, '2019-01-13 05:12:30', '2019-01-13 05:12:30'),
(27, 4, 'Gloria Waelchi', 'Cupiditate nemo eveniet dolor numquam voluptatem. Consequatur id numquam beatae corporis ipsam consectetur incidunt aspernatur. Expedita dolorum est accusantium eos autem nulla numquam. In eum inventore ut perspiciatis commodi voluptates excepturi.', 2, '2019-01-13 05:12:30', '2019-01-13 05:12:30'),
(28, 26, 'Philip Christiansen', 'Minus aut et consequuntur tempora deserunt. Dignissimos officiis unde et rem velit eaque. Nam ut molestiae soluta culpa voluptatem debitis accusantium modi. Totam non earum nihil facilis.', 5, '2019-01-13 05:12:30', '2019-01-13 05:12:30'),
(29, 9, 'Ransom Bernhard DDS', 'Aut corrupti qui ipsam et ad similique exercitationem. Ut aliquam sapiente impedit veritatis ut. Vitae perferendis rerum amet consectetur molestiae pariatur veritatis. Nam animi fugit quibusdam nostrum. Et eum eaque eaque veritatis qui omnis.', 1, '2019-01-13 05:12:30', '2019-01-13 05:12:30'),
(30, 49, 'Ashlynn Sporer', 'Quasi autem repellendus ullam laboriosam laboriosam et qui. Hic quo et error amet. Omnis dolores nihil ratione non nostrum quam. Error nam dolore ut.', 1, '2019-01-13 05:12:30', '2019-01-13 05:12:30'),
(31, 41, 'Annie Runolfsdottir', 'Atque iure veritatis consequuntur. Rerum aut magni laudantium qui tempore nihil. Quo et quis et rerum aspernatur.', 3, '2019-01-13 05:12:30', '2019-01-13 05:12:30'),
(32, 48, 'Reid Gleason', 'Expedita blanditiis molestiae et est deserunt quaerat. Itaque debitis accusantium consequuntur a iste similique.', 4, '2019-01-13 05:12:30', '2019-01-13 05:12:30'),
(33, 12, 'Delilah Muller', 'Non et consectetur quos sunt ab rerum. Quisquam ut autem excepturi omnis inventore itaque ad.', 2, '2019-01-13 05:12:30', '2019-01-13 05:12:30'),
(34, 19, 'Patsy Wisozk', 'Error expedita placeat qui quisquam ut. Inventore vel saepe minus vero. Soluta aut architecto eos deleniti repellendus sit. Fugiat occaecati error labore perferendis error labore sit.', 2, '2019-01-13 05:12:30', '2019-01-13 05:12:30'),
(35, 33, 'Princess Johnson', 'Ducimus debitis suscipit non sed est modi sint quae. Velit deleniti vel voluptas aut ea. Quaerat adipisci accusamus eaque quo. Autem cumque repellendus vitae laudantium.', 3, '2019-01-13 05:12:30', '2019-01-13 05:12:30'),
(36, 19, 'Miss Trisha Skiles I', 'Omnis aut provident voluptate dolores dolorem. Quis nisi reprehenderit illo nisi autem. Molestias provident aliquam dolorem enim nesciunt. Quos dolorem qui qui vel voluptatem labore enim labore.', 0, '2019-01-13 05:12:30', '2019-01-13 05:12:30'),
(37, 19, 'Prof. Orie Kessler II', 'Amet in labore cumque odio qui laboriosam aut. Nisi voluptatem consectetur vero consequatur sunt accusamus inventore. Esse rerum consequatur aliquam eum. Debitis explicabo magnam dolorem nulla voluptatem.', 2, '2019-01-13 05:12:30', '2019-01-13 05:12:30'),
(38, 32, 'Barton Jones', 'Vel distinctio saepe provident beatae temporibus exercitationem accusantium. Et voluptatem qui nostrum delectus. Ut fuga rem accusamus iure omnis perspiciatis. Voluptates omnis ut nesciunt dicta.', 1, '2019-01-13 05:12:30', '2019-01-13 05:12:30'),
(39, 45, 'Prof. Wilfredo Lueilwitz II', 'Et possimus quasi saepe cumque nemo. Eum saepe saepe totam magnam non id ut. Nam enim ut tenetur ea illo est. Corporis maxime fugiat ducimus.', 2, '2019-01-13 05:12:30', '2019-01-13 05:12:30'),
(40, 14, 'Letha Abbott', 'Fugiat voluptatem delectus nobis at. Sit rerum est cumque laboriosam debitis ad eius eius. Consequatur ut ut sint in. Ut et corrupti assumenda harum ut ut itaque.', 0, '2019-01-13 05:12:30', '2019-01-13 05:12:30'),
(41, 45, 'Candido Hahn', 'Illo quia sunt qui aliquid provident. Corrupti consequatur sed facilis accusantium et. Quos earum aut molestias aliquid dolorem.', 2, '2019-01-13 05:12:31', '2019-01-13 05:12:31'),
(42, 17, 'Prof. Riley Deckow', 'Harum consequatur vero ut id. Recusandae alias reprehenderit et nisi ad soluta quo magnam. Qui quis molestiae recusandae omnis sit consequatur dolorum. Autem aut enim dolorem vero amet. Repellendus sapiente rerum dolore velit.', 5, '2019-01-13 05:12:31', '2019-01-13 05:12:31'),
(43, 4, 'Miss Estella Mante I', 'Sit et consequatur alias odio. In itaque quis expedita. Est iusto enim aut id. Laboriosam quia modi iure nostrum amet iure.', 5, '2019-01-13 05:12:31', '2019-01-13 05:12:31'),
(44, 8, 'Mr. Emmitt Bergstrom', 'Nihil aliquid totam voluptatem repudiandae. Aspernatur temporibus sint fugiat facere. Suscipit sunt praesentium natus et.', 3, '2019-01-13 05:12:31', '2019-01-13 05:12:31'),
(45, 21, 'Dr. Kyra Kuhn', 'Dicta eius quod animi et. Quo recusandae consequatur quia fugit odit quos rerum. Aperiam id placeat voluptatem dicta quis.', 0, '2019-01-13 05:12:31', '2019-01-13 05:12:31'),
(46, 35, 'Cierra Graham', 'Aut ratione est nam facere sit iusto ex. Voluptatem quia dicta tempore quasi minima. Quia nisi asperiores voluptatum fuga. Dolorum praesentium quam molestiae voluptatem.', 5, '2019-01-13 05:12:31', '2019-01-13 05:12:31'),
(47, 25, 'Elody Bashirian PhD', 'Optio corrupti explicabo eos unde quaerat perferendis. Et quibusdam quaerat voluptates voluptatem doloribus fugiat nobis.', 3, '2019-01-13 05:12:31', '2019-01-13 05:12:31'),
(48, 43, 'Carley Roberts', 'Qui quos dolor qui deleniti vitae aliquid eum quaerat. Sed qui ea et quia ea. Nam praesentium consequatur minus et.', 0, '2019-01-13 05:12:31', '2019-01-13 05:12:31'),
(49, 29, 'Mr. Harmon Graham Jr.', 'At et soluta a odit nemo et. Culpa officia sed qui. Maiores quis doloribus ipsa delectus quae sapiente. Dolores quos aliquid animi praesentium.', 2, '2019-01-13 05:12:31', '2019-01-13 05:12:31'),
(50, 36, 'Keegan Will', 'Ipsam at quod enim non assumenda vel non repellendus. Nihil harum dicta voluptas nulla odit corrupti omnis quia. Quas qui quos et nobis. Sint et id enim ipsa rerum.', 4, '2019-01-13 05:12:31', '2019-01-13 05:12:31'),
(51, 47, 'Crystal Ledner', 'Quia libero repellat tempora ut officiis. Dolores velit odit tempora suscipit voluptatum. Sed reprehenderit ut qui.', 2, '2019-01-13 05:12:31', '2019-01-13 05:12:31'),
(52, 38, 'Prof. Eve Bruen', 'Architecto et culpa quis rerum unde tenetur est vel. Pariatur in dolorum officiis beatae eum pariatur. Aut occaecati consequatur est odit accusantium. Et quo sed tempora blanditiis consequatur.', 5, '2019-01-13 05:12:31', '2019-01-13 05:12:31'),
(53, 5, 'Josh Hansen I', 'Natus ut non sint ea consequuntur. Quaerat repellendus molestias quaerat voluptas atque. Nulla ipsa et iste et est reprehenderit.', 5, '2019-01-13 05:12:31', '2019-01-13 05:12:31'),
(54, 12, 'Lucius Smith V', 'Odio deleniti id ipsum repellendus et. Officia aut natus maxime fugiat suscipit. Et voluptatem sit aut sed enim. Expedita saepe consequuntur velit quia quod harum eum.', 5, '2019-01-13 05:12:32', '2019-01-13 05:12:32'),
(55, 3, 'Sylvan Schoen', 'Maxime libero illo quo laborum rerum nam. Voluptatem illum et earum qui doloremque consectetur. Nihil voluptas et voluptate excepturi eveniet aliquam unde. Veniam et ducimus consequatur ipsa dicta et omnis nihil. Est esse fuga dolorum aut voluptatum architecto.', 0, '2019-01-13 05:12:32', '2019-01-13 05:12:32'),
(56, 6, 'Mrs. Susana Cruickshank', 'Dolorum maxime aliquam rem consequatur ut earum sapiente dicta. Autem maiores a laborum rerum quia fuga reprehenderit perferendis. Rem quod qui voluptatem expedita mollitia earum iste. Debitis quod et et aliquam. Voluptatum atque aut laboriosam nihil blanditiis beatae nihil.', 5, '2019-01-13 05:12:32', '2019-01-13 05:12:32'),
(57, 10, 'Lisandro Parker', 'Ad cum qui ullam ratione quis. Consequatur quasi earum quos consequatur. Incidunt sit laudantium illo aut sapiente soluta aut. Dolorem non eos et debitis. Laudantium est soluta numquam quia eum.', 3, '2019-01-13 05:12:32', '2019-01-13 05:12:32'),
(58, 21, 'Lea Will', 'Ea esse est hic cupiditate sunt. Magnam dicta placeat consectetur sint omnis. Temporibus occaecati voluptatibus dolor neque a. Enim sit exercitationem reiciendis quia voluptas velit.', 3, '2019-01-13 05:12:32', '2019-01-13 05:12:32'),
(59, 1, 'Regan Hayes I', 'Accusantium qui ipsum consectetur. Et enim ullam distinctio eius quasi. Qui ea minima laudantium incidunt. In aut sit mollitia quis eaque.', 0, '2019-01-13 05:12:32', '2019-01-13 05:12:32'),
(60, 19, 'Marquis Senger', 'Ducimus deleniti minima non labore molestiae eligendi dicta. Accusantium harum laborum labore mollitia. Doloremque aut sunt dolore quia distinctio. Aut doloremque suscipit dolorum non rerum omnis reprehenderit.', 2, '2019-01-13 05:12:32', '2019-01-13 05:12:32'),
(61, 27, 'Prof. Adrienne Wisoky', 'Non quia non perferendis ut inventore et. Est iure et rem consequatur minus. Ratione et nobis id quo. Quibusdam et ut perspiciatis tempora.', 3, '2019-01-13 05:12:32', '2019-01-13 05:12:32'),
(62, 46, 'Floy Paucek', 'Nostrum dolor quia omnis non cumque. Dolorem et animi voluptas sapiente quibusdam libero quia impedit. Labore neque dignissimos dolor delectus sint eaque corporis.', 1, '2019-01-13 05:12:32', '2019-01-13 05:12:32'),
(63, 33, 'Mr. Joany Carroll', 'Et velit mollitia qui dolores animi eos hic facere. Molestiae atque dolores molestias molestias aut. Laudantium corrupti et ratione consequatur. Fugiat aut aliquid quasi ut ex et ex.', 5, '2019-01-13 05:12:32', '2019-01-13 05:12:32'),
(64, 36, 'Prof. Herminia Skiles PhD', 'Mollitia temporibus ut exercitationem aut voluptas. Quibusdam dolore rerum iste voluptatibus excepturi quibusdam consequuntur.', 2, '2019-01-13 05:12:32', '2019-01-13 05:12:32'),
(65, 2, 'Angelita Nitzsche', 'Veniam aut inventore reprehenderit culpa nemo vel. Perferendis ea quasi aut voluptatem qui. Error quia dolorum enim et. Architecto tenetur voluptas dolores repellat voluptatem.', 2, '2019-01-13 05:12:32', '2019-01-13 05:12:32'),
(66, 27, 'Georgianna Stehr', 'Aut quos perferendis voluptatem repellat vitae. Mollitia nihil iure aut. Possimus aut iusto dolores.', 1, '2019-01-13 05:12:32', '2019-01-13 05:12:32'),
(67, 7, 'Gaylord Batz V', 'Expedita quo assumenda officiis sunt ut. Iste voluptate voluptatem quisquam et. Qui est porro illum qui voluptas.', 4, '2019-01-13 05:12:32', '2019-01-13 05:12:32'),
(68, 48, 'Elyssa Roberts Sr.', 'Voluptatum et aut sint autem. Qui dolor voluptas ut. Quibusdam quo ratione qui quos. Sunt reiciendis fuga voluptas quis ipsam.', 5, '2019-01-13 05:12:32', '2019-01-13 05:12:32'),
(69, 38, 'Loyal Harber', 'Explicabo impedit quis nihil qui. Ad occaecati ratione maiores enim nihil id. Sed quam rerum quaerat et.', 5, '2019-01-13 05:12:33', '2019-01-13 05:12:33'),
(70, 3, 'Zoe Hyatt', 'Ut voluptatem dolores ex et quidem. Sequi autem assumenda aut sunt. Fugit molestiae quibusdam ea ipsum voluptas dolore dicta. Laudantium delectus vel saepe quo animi.', 2, '2019-01-13 05:12:33', '2019-01-13 05:12:33'),
(71, 35, 'Ruth Terry', 'Quo quis qui deleniti quia omnis deserunt. Aut aut quas quibusdam aut adipisci repudiandae. Corporis quis necessitatibus occaecati quis.', 3, '2019-01-13 05:12:33', '2019-01-13 05:12:33'),
(72, 1, 'Candice Wiza', 'Aut velit amet reiciendis omnis quibusdam sit rerum. Modi placeat cupiditate asperiores quia expedita harum. Aut tenetur qui et necessitatibus.', 2, '2019-01-13 05:12:33', '2019-01-13 05:12:33'),
(73, 42, 'Summer Miller', 'Et ut quia aut amet ut et. Ut vero ut asperiores numquam quia voluptatem laborum. Rem sapiente eaque ut voluptas.', 4, '2019-01-13 05:12:33', '2019-01-13 05:12:33'),
(74, 15, 'Julien Hayes', 'Eos nisi voluptatem sunt harum quis. Ut ut asperiores dolores corporis laudantium amet omnis velit. Officia omnis perspiciatis nihil est aut. Nulla voluptas est sit ea et consequatur. Qui consectetur nulla sapiente ratione.', 4, '2019-01-13 05:12:33', '2019-01-13 05:12:33'),
(75, 19, 'Miss Erna Torp I', 'Odit voluptate tempore inventore est sint aut itaque. Ea voluptas fugiat accusantium.', 1, '2019-01-13 05:12:33', '2019-01-13 05:12:33'),
(76, 38, 'Jessika Swaniawski', 'Repellat id reiciendis nobis. Expedita quis cum quod tempore. Id occaecati amet voluptas repellat ut molestiae tempora. Temporibus laborum sed totam distinctio et.', 5, '2019-01-13 05:12:33', '2019-01-13 05:12:33'),
(77, 29, 'Granville Predovic', 'Non voluptates ut tempora eum inventore quo ut distinctio. Officiis aperiam cum explicabo modi ea atque. Tempora et mollitia dolor. Nisi nostrum ex et.', 1, '2019-01-13 05:12:33', '2019-01-13 05:12:33'),
(78, 32, 'Reagan Schoen', 'Non nostrum minus omnis beatae. Qui cumque earum voluptatem dolorem facere. Tempora odio qui aut architecto.', 4, '2019-01-13 05:12:34', '2019-01-13 05:12:34'),
(79, 42, 'Destany Dare', 'Ea et earum laboriosam asperiores voluptatem delectus iste. Voluptatem consectetur magnam deleniti esse id. Ducimus dolorum unde eos et omnis nobis esse. Eveniet dolores dolor iusto molestias cum non dolor.', 0, '2019-01-13 05:12:34', '2019-01-13 05:12:34'),
(80, 22, 'Connie Treutel', 'Quod velit porro molestiae quia sed. Eius id similique et iste laudantium eum sint. Officia sequi quibusdam temporibus nisi fugiat.', 1, '2019-01-13 05:12:34', '2019-01-13 05:12:34'),
(81, 46, 'Carolina Hills', 'Aut eaque iure sunt quisquam suscipit. Beatae qui qui qui qui. Ratione voluptas id aliquid tempore voluptatum dignissimos.', 3, '2019-01-13 05:12:34', '2019-01-13 05:12:34'),
(82, 16, 'Mrs. Shaylee Thompson', 'Laboriosam ullam nisi officiis voluptatem aut. Odio similique odit quas libero non. Blanditiis nam dolorum ut dolor.', 5, '2019-01-13 05:12:34', '2019-01-13 05:12:34'),
(83, 14, 'Wilford Cole', 'Eveniet deleniti exercitationem ducimus ipsum vitae laboriosam deserunt. Maiores doloremque inventore delectus aspernatur.', 1, '2019-01-13 05:12:34', '2019-01-13 05:12:34'),
(84, 15, 'Ms. Josefina Lemke PhD', 'Quo odit voluptatibus minus neque veritatis. Eius neque incidunt unde mollitia. Beatae ut sit placeat exercitationem saepe iste. Et aut vero voluptatem.', 5, '2019-01-13 05:12:34', '2019-01-13 05:12:34'),
(85, 19, 'Jennings Wuckert', 'Modi error ab non nam et consectetur. Exercitationem qui amet temporibus numquam.', 4, '2019-01-13 05:12:34', '2019-01-13 05:12:34'),
(86, 8, 'Prof. Danial Berge MD', 'Vel ea magnam doloremque ea velit dignissimos. Deserunt aspernatur quisquam officia necessitatibus animi aut incidunt. Sint dolores voluptates id eveniet in delectus.', 5, '2019-01-13 05:12:34', '2019-01-13 05:12:34'),
(87, 41, 'Moshe Carroll', 'Ut animi vero ea saepe repellat beatae. Quisquam illum rerum saepe sit perferendis dolorem sint.', 0, '2019-01-13 05:12:34', '2019-01-13 05:12:34'),
(88, 34, 'Erna Reilly MD', 'Et dolor doloribus neque et nemo non. Dolorem quos alias rerum dolores. Praesentium commodi dolores nihil iste voluptates dolore.', 0, '2019-01-13 05:12:34', '2019-01-13 05:12:34'),
(89, 29, 'Kitty Sauer', 'Non asperiores laudantium voluptas libero doloribus mollitia quibusdam. Qui sint iste voluptates qui eum.', 2, '2019-01-13 05:12:34', '2019-01-13 05:12:34'),
(90, 37, 'Whitney Walker', 'Commodi vel in quod esse consequatur sit voluptas vel. Quis eius cupiditate sed delectus. Ut voluptas non vel dolorem adipisci et. Eos praesentium est ut sed.', 4, '2019-01-13 05:12:34', '2019-01-13 05:12:34'),
(91, 18, 'Stefan Sipes III', 'Aut voluptas at voluptas consequuntur accusantium voluptas et. Numquam vero iure veritatis sint voluptatem numquam non quo. Velit dolor aut eos molestias qui ab ut. Excepturi accusantium eum aut eaque animi modi. Qui et ipsa quidem ut autem.', 5, '2019-01-13 05:12:34', '2019-01-13 05:12:34'),
(92, 38, 'Dr. Cornell Halvorson', 'Reiciendis sed sint dolorem eius non impedit eum. Quia ut qui debitis laboriosam maxime quia. Qui voluptas voluptatum temporibus dolor asperiores. Pariatur quae eos odio ea ad debitis. Architecto similique quia sapiente nihil.', 5, '2019-01-13 05:12:34', '2019-01-13 05:12:34'),
(93, 27, 'Polly Kerluke I', 'Magni quasi sint molestiae fugiat inventore quo iste. Esse quae rem et aut unde sit. Explicabo officia nihil molestias unde vel ut ut. Enim porro culpa ut blanditiis odio voluptatem. Ullam pariatur vel sint corporis voluptas placeat ea.', 5, '2019-01-13 05:12:34', '2019-01-13 05:12:34'),
(94, 32, 'Marianne Rempel', 'Quos odit at ducimus aut et dicta. Cum nam aspernatur tempore et. Esse inventore et ut veniam. Reiciendis excepturi qui ex et officia.', 1, '2019-01-13 05:12:34', '2019-01-13 05:12:34'),
(95, 40, 'Lane Pouros', 'Et repellat fugit quos sed. Rerum quidem eum voluptas voluptatem unde. Facilis quidem debitis dolores est amet praesentium. Quo deleniti et iste repudiandae.', 3, '2019-01-13 05:12:34', '2019-01-13 05:12:34'),
(96, 20, 'Belle Senger', 'Delectus quo dolores nam est. Iste ut accusantium molestiae qui alias dolores. Quia aut harum delectus.', 1, '2019-01-13 05:12:34', '2019-01-13 05:12:34'),
(97, 33, 'Uriel Durgan DDS', 'Vero corrupti harum itaque tenetur. Voluptatem nemo qui aut dolores cum necessitatibus voluptas. Excepturi illum facere quia officia culpa maiores odit. Quo quaerat magni quisquam quae fugiat.', 1, '2019-01-13 05:12:34', '2019-01-13 05:12:34'),
(98, 15, 'Jody Stiedemann', 'Perferendis eveniet non inventore sit et nam. Et reiciendis quasi dolorem laudantium non dignissimos facere. Placeat qui minus non eius quia tempora.', 5, '2019-01-13 05:12:34', '2019-01-13 05:12:34'),
(99, 15, 'Mathilde Cronin', 'Rerum laborum sit veniam hic fuga. Nulla quia voluptatem nulla hic similique distinctio. Ut aut fugiat accusamus maiores exercitationem.', 4, '2019-01-13 05:12:34', '2019-01-13 05:12:34'),
(100, 39, 'Cathrine Dicki', 'Sit in et quia culpa quod. Eaque et nesciunt ipsa nobis. Officia quo dolore ut tempora.', 2, '2019-01-13 05:12:34', '2019-01-13 05:12:34'),
(101, 24, 'Kailey Schulist', 'Libero tempore est possimus id voluptatem et. Quos asperiores dolorem saepe.', 0, '2019-01-13 05:12:35', '2019-01-13 05:12:35'),
(102, 32, 'Zoila Pollich', 'Debitis cupiditate ea dolor ut. A ut ea necessitatibus. Suscipit unde maxime numquam a non.', 5, '2019-01-13 05:12:35', '2019-01-13 05:12:35'),
(103, 9, 'Celestine Feest MD', 'Consectetur reiciendis ut ea animi quidem rerum. Ea molestias ducimus et omnis. Voluptatem labore vero at ipsa assumenda ex.', 4, '2019-01-13 05:12:35', '2019-01-13 05:12:35'),
(104, 20, 'Ms. Bonita Nader IV', 'Atque ut earum fugiat ea minima quas. Veritatis accusamus iste numquam dolor. Occaecati sunt alias rerum dolorum in neque dolores.', 0, '2019-01-13 05:12:35', '2019-01-13 05:12:35'),
(105, 29, 'Ena Windler', 'Aut vitae necessitatibus iusto et et quaerat qui. Debitis quibusdam blanditiis ipsa. Porro tempore dolores sunt tempora distinctio.', 4, '2019-01-13 05:12:35', '2019-01-13 05:12:35'),
(106, 18, 'Prof. Fannie Ratke', 'Sed doloremque nam omnis occaecati culpa a qui. Voluptas fuga rem unde accusamus sunt natus ut rerum. Dolorem accusamus temporibus sed autem. Quam at iusto quas qui esse non accusamus.', 1, '2019-01-13 05:12:35', '2019-01-13 05:12:35'),
(107, 6, 'Alessandro Schowalter', 'Enim a dicta rem. Et quos minima vero voluptates ullam rerum. Et illo nihil dicta occaecati vel odit.', 5, '2019-01-13 05:12:35', '2019-01-13 05:12:35'),
(108, 10, 'Ms. Ressie Monahan DVM', 'Molestiae ipsum laudantium illum aliquam at nulla quae ipsum. Voluptatem non et recusandae illum natus. Sint dolorem enim incidunt impedit. Qui ut vitae odio sapiente et dolores.', 3, '2019-01-13 05:12:35', '2019-01-13 05:12:35'),
(109, 14, 'Kailyn Boyle', 'Error repellat maiores exercitationem omnis et id sint. Minus vel iste ut quaerat. Est reprehenderit quidem alias qui. Voluptas cum voluptas iusto sit iure cumque.', 2, '2019-01-13 05:12:35', '2019-01-13 05:12:35'),
(110, 41, 'Felipe Keebler', 'Temporibus vitae ex rerum porro asperiores voluptas et. Consequatur dolorem a occaecati iusto eos sint. Id molestiae voluptate voluptas nostrum adipisci quas.', 2, '2019-01-13 05:12:35', '2019-01-13 05:12:35'),
(111, 17, 'Filomena Swift', 'At illo ipsa rerum deleniti. Id provident qui temporibus nesciunt quod. Dolorem blanditiis explicabo soluta qui voluptatem. Eum et itaque ex eum dolorem sed sit non.', 0, '2019-01-13 05:12:35', '2019-01-13 05:12:35'),
(112, 49, 'Raphaelle Rowe', 'Omnis eius laborum consequatur. Suscipit quo autem aut quos. Soluta corporis sed ratione.', 5, '2019-01-13 05:12:35', '2019-01-13 05:12:35'),
(113, 21, 'Hailey Emmerich', 'Necessitatibus explicabo hic ipsam pariatur tenetur qui. Quia enim qui harum quas ab aliquid deserunt. Fugiat odit eos et molestiae quo provident est.', 5, '2019-01-13 05:12:35', '2019-01-13 05:12:35'),
(114, 12, 'Prof. Jerad Simonis', 'Ad veniam est modi qui. Et sint dolorum consequatur ab eius provident. Neque dolore officia dolores enim earum quae. Harum eos expedita alias esse ut soluta.', 2, '2019-01-13 05:12:35', '2019-01-13 05:12:35'),
(115, 49, 'Maci Bednar', 'Sint aliquid aut voluptatem optio minus. Officiis omnis necessitatibus doloremque eum ducimus hic expedita voluptates. Repudiandae deleniti tempore ea voluptate. Placeat minima aspernatur quo harum omnis et nemo molestias.', 0, '2019-01-13 05:12:35', '2019-01-13 05:12:35'),
(116, 23, 'Alejandrin Stokes', 'Vero rerum impedit non rerum qui vel distinctio. Et voluptatem at perferendis. Laborum necessitatibus beatae dolor voluptatem. Et et et vero maxime qui.', 4, '2019-01-13 05:12:35', '2019-01-13 05:12:35'),
(117, 32, 'Paul Hansen', 'Qui et sint ut eveniet libero officiis aut. Ut quia sint qui in voluptas est. Et hic et occaecati dolore nostrum.', 4, '2019-01-13 05:12:35', '2019-01-13 05:12:35'),
(118, 45, 'Prof. Everardo Bergstrom', 'Soluta quae non perspiciatis nostrum saepe soluta. Omnis pariatur odit vero adipisci similique nobis.', 1, '2019-01-13 05:12:35', '2019-01-13 05:12:35'),
(119, 34, 'Elroy Bins', 'Autem reiciendis eos praesentium necessitatibus excepturi voluptas et vel. Amet quas ea adipisci incidunt magnam dicta. Accusantium molestias ea officia minus ea.', 2, '2019-01-13 05:12:35', '2019-01-13 05:12:35'),
(120, 43, 'Dr. Abigail Reilly', 'Sed ab illo modi labore. Et possimus itaque quo expedita sunt. Rerum velit omnis aut sint reprehenderit reiciendis rerum iusto.', 0, '2019-01-13 05:12:35', '2019-01-13 05:12:35'),
(121, 50, 'Godfrey Hessel', 'Officiis aut dignissimos sunt qui. Perspiciatis earum aut porro tempore. Vero alias itaque consequatur ut mollitia beatae minima.', 1, '2019-01-13 05:12:35', '2019-01-13 05:12:35'),
(122, 8, 'Austen Welch', 'Corporis ratione nihil consequatur quae veritatis quia minus vero. Accusamus aliquid nihil occaecati qui. Aliquam rerum ipsam quaerat.', 3, '2019-01-13 05:12:35', '2019-01-13 05:12:35'),
(123, 5, 'Mrs. Adaline Jast', 'Veritatis aut quis consequatur saepe vitae. Dolores omnis qui distinctio rerum consequatur. Excepturi aspernatur reprehenderit in et. Blanditiis neque qui quibusdam quod molestiae autem.', 2, '2019-01-13 05:12:35', '2019-01-13 05:12:35'),
(124, 24, 'Maurice Kovacek', 'Dolorem sit ex nihil voluptatem reprehenderit corrupti voluptatem. Modi repudiandae et enim vero. Est est libero dolore voluptatem.', 4, '2019-01-13 05:12:35', '2019-01-13 05:12:35'),
(125, 19, 'Timmothy Klocko', 'Possimus ut veritatis est omnis sunt nam corrupti. Harum id id enim omnis et ipsum.', 4, '2019-01-13 05:12:35', '2019-01-13 05:12:35'),
(126, 42, 'Bertha Heathcote', 'Ex aut enim minus consectetur voluptatem quas. Eos enim magni aut deleniti et fugit. Et ea at occaecati sint in in. Sequi est et voluptatem unde ex esse non eos.', 5, '2019-01-13 05:12:35', '2019-01-13 05:12:35'),
(127, 7, 'Tyshawn Bruen', 'Non qui minus tempore rerum doloribus optio quos. Aut nihil facilis id aut et veniam. Ullam natus vel dicta et animi voluptas molestias.', 1, '2019-01-13 05:12:35', '2019-01-13 05:12:35'),
(128, 40, 'Mr. Carroll Gusikowski DVM', 'Alias et animi et ipsa id. Nulla asperiores et est rerum fugiat nihil est tempore. Eum exercitationem voluptate similique corporis eum nisi quidem. Veniam aut pariatur ipsum perferendis aperiam sit culpa.', 5, '2019-01-13 05:12:35', '2019-01-13 05:12:35'),
(129, 5, 'Aniya Schowalter', 'Expedita et impedit aut suscipit. Consequatur et provident expedita nisi. Inventore ut architecto ratione et non aut occaecati in.', 0, '2019-01-13 05:12:35', '2019-01-13 05:12:35'),
(130, 32, 'Marisa Lueilwitz', 'Laudantium nulla corrupti provident laudantium non est. Officia recusandae id voluptatem nostrum. Perspiciatis tempora repellendus dolorum laboriosam fugit.', 1, '2019-01-13 05:12:35', '2019-01-13 05:12:35'),
(131, 27, 'Mrs. Cecilia Macejkovic', 'Asperiores culpa soluta totam ut rerum non. Consequuntur hic possimus placeat necessitatibus vero molestiae voluptatem. Cupiditate et harum odio eum impedit eligendi.', 0, '2019-01-13 05:12:35', '2019-01-13 05:12:35'),
(132, 18, 'Prof. Chris Balistreri', 'Unde animi ipsum et enim. Minus rerum doloribus consequatur explicabo. Sint quia aut possimus. Velit incidunt repellat tenetur labore.', 2, '2019-01-13 05:12:35', '2019-01-13 05:12:35'),
(133, 16, 'Prof. Madalyn Gislason Jr.', 'Voluptates a hic cupiditate culpa error voluptate et. Aut tempore dolore quibusdam vel similique. Voluptatem temporibus nostrum molestiae hic aliquam sint.', 0, '2019-01-13 05:12:35', '2019-01-13 05:12:35'),
(134, 33, 'Janae Hamill', 'Ipsa ex vitae aut esse et. Quia quia vel explicabo ut dolore nihil saepe possimus. Consequatur molestiae ut doloribus.', 2, '2019-01-13 05:12:36', '2019-01-13 05:12:36'),
(135, 36, 'Al Fay IV', 'Quia nihil quibusdam officiis praesentium possimus. Et debitis exercitationem molestias et explicabo est. Porro suscipit ad ex cupiditate repellendus dolorem. Laborum eum perspiciatis dolores quae dolor vero voluptatem reiciendis.', 4, '2019-01-13 05:12:36', '2019-01-13 05:12:36'),
(136, 35, 'Armando Champlin', 'Et qui ipsam quia maiores id soluta. Ut harum porro illum et officiis ut. Et est facilis blanditiis aliquid dolorem illum. Vel deserunt expedita quia consequatur. Laboriosam eum explicabo architecto dolorem blanditiis adipisci velit.', 4, '2019-01-13 05:12:36', '2019-01-13 05:12:36'),
(137, 2, 'Prof. Mariela Keebler III', 'Dolor consequatur magni aut dolore. Dolore adipisci sequi laudantium ea. Non veritatis odit repellendus rerum ut ab unde facere. Iure amet et animi sunt enim. Sapiente ab omnis ut ut molestiae voluptates sit.', 3, '2019-01-13 05:12:36', '2019-01-13 05:12:36'),
(138, 41, 'Rickie Botsford', 'Est sint repellat numquam et. Qui nobis accusamus porro dicta dignissimos. Saepe qui nisi error vel non porro. Minus fugiat quia aliquam nemo adipisci asperiores.', 4, '2019-01-13 05:12:36', '2019-01-13 05:12:36'),
(139, 15, 'Alisa Bins DVM', 'Hic dolores accusamus animi est aut minus hic sit. Aliquid mollitia perspiciatis sint dolores. Adipisci et suscipit iure beatae sed rerum quos quia. Non eos quos iusto rerum suscipit.', 5, '2019-01-13 05:12:36', '2019-01-13 05:12:36'),
(140, 12, 'Dr. Christy Nikolaus V', 'Ea quaerat quia assumenda harum ut aut et voluptas. Expedita veritatis cum natus voluptatem quaerat dolorum. Mollitia a ullam eveniet id dolor illo. Consequuntur vero qui deserunt enim id minima et.', 4, '2019-01-13 05:12:36', '2019-01-13 05:12:36'),
(141, 44, 'Mr. Dell Ledner DDS', 'Impedit nisi omnis beatae accusantium quis doloremque voluptatem. Repudiandae qui quis quia id sed deleniti modi. Id sit sunt aperiam qui error aut.', 2, '2019-01-13 05:12:36', '2019-01-13 05:12:36'),
(142, 32, 'Mr. Mario Buckridge', 'Vel debitis debitis vitae et praesentium. Eos modi itaque suscipit sapiente at. Quia facere deleniti sunt veritatis ipsum a ut rerum.', 1, '2019-01-13 05:12:36', '2019-01-13 05:12:36'),
(143, 37, 'Teagan Leuschke', 'Non est laborum delectus nisi magni explicabo dolores tempora. Eius commodi voluptate iusto accusantium. Dolor in omnis velit sunt sint.', 0, '2019-01-13 05:12:36', '2019-01-13 05:12:36'),
(144, 39, 'Clara Rohan', 'Nesciunt labore aut eos. Iusto aspernatur occaecati iure velit numquam. Non dolorum non vitae vitae sunt sint. Molestias a doloribus nulla at molestiae reprehenderit beatae eos. Harum rerum labore nesciunt ea vel iure ut.', 3, '2019-01-13 05:12:36', '2019-01-13 05:12:36'),
(145, 18, 'Obie Wilderman', 'Mollitia ut ea dolorem. Qui qui deleniti dignissimos laborum labore. Officia beatae et necessitatibus quod incidunt.', 5, '2019-01-13 05:12:36', '2019-01-13 05:12:36'),
(146, 14, 'Queenie Hayes', 'Neque molestiae earum autem dolores. Totam nihil vero aut a commodi. Expedita reprehenderit modi aut quasi fuga repudiandae impedit est.', 0, '2019-01-13 05:12:36', '2019-01-13 05:12:36'),
(147, 40, 'Peggie Stehr', 'Dolor ipsa quam molestiae at harum. Voluptatem dolor et doloremque odit impedit fugit. Quo modi quis dolorum eos alias amet.', 0, '2019-01-13 05:12:36', '2019-01-13 05:12:36'),
(148, 15, 'Syble Heller', 'Repudiandae quisquam aut itaque quia eum atque. Consequatur est dolor illum ut qui totam. Reiciendis vel provident nihil repudiandae tenetur qui.', 5, '2019-01-13 05:12:36', '2019-01-13 05:12:36'),
(149, 39, 'Marie Pouros', 'Debitis neque ad inventore incidunt iste provident quia unde. Non beatae aut voluptatem ut accusantium veniam eum.', 1, '2019-01-13 05:12:36', '2019-01-13 05:12:36'),
(150, 6, 'Kieran Windler', 'Adipisci voluptatem quidem in iure. Sunt omnis ipsam alias. Qui et qui omnis fuga qui. Voluptates id aut odit illo eligendi doloremque tempora.', 4, '2019-01-13 05:12:36', '2019-01-13 05:12:36'),
(151, 7, 'Billy Swift', 'Id est amet quaerat maxime qui vel commodi. Amet sit fugiat architecto molestiae dolorum est suscipit.', 3, '2019-01-13 05:12:36', '2019-01-13 05:12:36'),
(152, 4, 'Jaden Hintz', 'Quas quos iusto rem. Dolor et consequatur doloremque sequi. Minima perferendis autem architecto est corrupti sit. Sed et minus ut quia beatae ut.', 1, '2019-01-13 05:12:36', '2019-01-13 05:12:36'),
(153, 26, 'Annamarie Kuphal', 'Nemo quia repudiandae placeat neque nisi. Ducimus nobis ut quaerat ab alias necessitatibus quam quidem. Unde numquam neque doloribus exercitationem.', 1, '2019-01-13 05:12:36', '2019-01-13 05:12:36'),
(154, 8, 'Gwen Reilly', 'Fugit voluptatem ipsum excepturi quis. At praesentium esse non sit itaque sequi. Sit quam optio autem aut nam et. Quis sed qui eligendi magni amet laudantium natus eos.', 2, '2019-01-13 05:12:36', '2019-01-13 05:12:36'),
(155, 4, 'Dr. Cyril Leffler', 'Necessitatibus nobis sint quia et reiciendis quis repudiandae. Sint quo dolore dolorum soluta velit nobis voluptatem. Quo eius aut nobis nulla eius qui.', 4, '2019-01-13 05:12:36', '2019-01-13 05:12:36'),
(156, 17, 'Ms. Asha Ryan I', 'Fugit error libero repellat qui rem consectetur occaecati. Reiciendis dolores reiciendis praesentium placeat doloremque quae officia. Amet corrupti itaque alias est sint consequatur.', 1, '2019-01-13 05:12:36', '2019-01-13 05:12:36'),
(157, 36, 'Dr. Rodrick Ziemann', 'Repellat quaerat eligendi alias distinctio accusantium a tempore. Iure ea similique maxime reiciendis doloremque deserunt. Dolorem at laboriosam laborum dolores. Praesentium omnis qui non maxime omnis nihil earum.', 5, '2019-01-13 05:12:36', '2019-01-13 05:12:36'),
(158, 22, 'Christelle Hessel', 'Fugiat quisquam sit recusandae sint ut. Molestias magnam ea quibusdam. Et ratione et alias error et.', 2, '2019-01-13 05:12:36', '2019-01-13 05:12:36'),
(159, 41, 'Diana Veum', 'Fuga quibusdam aut quasi cum voluptas consectetur. Molestiae rerum ut reprehenderit enim.', 5, '2019-01-13 05:12:36', '2019-01-13 05:12:36'),
(160, 36, 'Ivy Gaylord', 'Aliquam optio adipisci aut necessitatibus. Quaerat ut atque eaque quo recusandae dolorem. Nulla maxime maiores ipsam et. Optio repudiandae a odio pariatur id impedit dolorem.', 3, '2019-01-13 05:12:36', '2019-01-13 05:12:36'),
(161, 22, 'Ms. Antonette Tromp DVM', 'Omnis enim eum ab aut nulla sit voluptates deleniti. Velit numquam nulla omnis enim sint non ea et. Quasi quo maiores distinctio voluptas expedita velit expedita.', 1, '2019-01-13 05:12:36', '2019-01-13 05:12:36'),
(162, 30, 'Zachary Bartoletti', 'Pariatur impedit sit quasi eaque optio. Odio eaque harum numquam aut est. Harum error ullam et distinctio quia illum.', 5, '2019-01-13 05:12:36', '2019-01-13 05:12:36'),
(163, 44, 'Javonte Kutch', 'Autem deserunt rem voluptates explicabo. Ut voluptatum quis voluptatem in. Et est sit inventore vel. Minus cum dolorum voluptas a reiciendis modi.', 0, '2019-01-13 05:12:36', '2019-01-13 05:12:36'),
(164, 23, 'Manuela Conn MD', 'In rerum minima molestiae est. Eos aliquid a quos. Eius dignissimos non aspernatur harum at dolorum. Porro rerum sunt iste qui.', 0, '2019-01-13 05:12:36', '2019-01-13 05:12:36'),
(165, 19, 'Sonia Thiel', 'Consequatur deserunt non dignissimos veniam necessitatibus. Nemo sit delectus itaque qui. Quis tempore aut itaque dolores aut. Placeat voluptatem occaecati rerum soluta aliquam repellat.', 2, '2019-01-13 05:12:36', '2019-01-13 05:12:36'),
(166, 37, 'Coralie Tromp', 'Qui iure consequatur ipsa ut voluptas id. Tempore libero consectetur unde. Facere et natus omnis aut provident sed.', 5, '2019-01-13 05:12:36', '2019-01-13 05:12:36'),
(167, 41, 'Unique Rath V', 'Ut dolorum nihil laborum in. Soluta sapiente velit vitae suscipit. Dolorem molestiae sit officia qui saepe.', 3, '2019-01-13 05:12:36', '2019-01-13 05:12:36'),
(168, 25, 'Houston Green', 'Minus minima nobis illum deserunt. Aut repellat vel illum praesentium voluptate est suscipit. Tenetur quae alias quibusdam saepe quisquam corrupti. Non totam rerum facere qui dicta sed et. Consequatur vel ipsam commodi.', 0, '2019-01-13 05:12:36', '2019-01-13 05:12:36'),
(169, 4, 'Mr. Vladimir Lesch V', 'Eos ut sint quidem hic doloribus. Accusantium beatae et reprehenderit minus quo ipsam qui. Mollitia consequatur pariatur voluptas aut quos et.', 2, '2019-01-13 05:12:36', '2019-01-13 05:12:36'),
(170, 26, 'Claudia Stehr', 'Et tempora similique quibusdam explicabo in expedita odio. Sit natus ea sunt quisquam. Quisquam voluptatibus asperiores non maxime. Non ut quaerat officia voluptates omnis officia neque.', 3, '2019-01-13 05:12:36', '2019-01-13 05:12:36'),
(171, 32, 'Dr. Claudie Stamm V', 'Nesciunt illum eos ut magnam fuga pariatur fuga. Eligendi odit exercitationem voluptates iusto veritatis iure. Explicabo quam provident delectus atque.', 0, '2019-01-13 05:12:36', '2019-01-13 05:12:36'),
(172, 44, 'Mrs. Michelle Rolfson DDS', 'Odit voluptatibus vel nemo sed. Maiores et vitae eos debitis saepe. Pariatur ipsam nesciunt delectus sequi consequatur sit minima animi.', 1, '2019-01-13 05:12:36', '2019-01-13 05:12:36'),
(173, 27, 'Jasper Walsh', 'Omnis et ipsam hic officia magnam. Officiis maxime doloremque et fugit. Ea dolorem unde aut aperiam cumque. Harum rerum aperiam qui et.', 5, '2019-01-13 05:12:36', '2019-01-13 05:12:36'),
(174, 26, 'Jedediah Grant Jr.', 'Consequuntur et optio aut dicta ipsum aut. Delectus rerum pariatur placeat id voluptatem tenetur soluta. Perspiciatis atque et maxime odio magni sed pariatur iure. Unde rerum nemo quia mollitia explicabo odit.', 2, '2019-01-13 05:12:36', '2019-01-13 05:12:36'),
(175, 6, 'Prof. Clair Quigley III', 'Officiis iste ullam harum tempore saepe totam. Illum cum accusantium id aut. Id velit vitae molestiae et nostrum id dolor eius.', 5, '2019-01-13 05:12:36', '2019-01-13 05:12:36'),
(176, 13, 'Nedra Abbott III', 'Sapiente quam eligendi non itaque enim sed. Fuga et excepturi dolorem aspernatur dolores quisquam iusto. Doloribus iste reiciendis eligendi earum eum aspernatur commodi aspernatur. Odio veniam est et omnis aut impedit assumenda aut. Sequi a voluptas debitis quam soluta.', 1, '2019-01-13 05:12:36', '2019-01-13 05:12:36'),
(177, 36, 'Ayden Rosenbaum', 'Alias sed atque velit sit. Quod tempore voluptas hic dolorem consequuntur facilis error. Assumenda perferendis similique velit veniam omnis iusto repellendus.', 0, '2019-01-13 05:12:36', '2019-01-13 05:12:36'),
(178, 25, 'Tyrique O\'Reilly', 'Voluptatem deleniti repellat aliquid soluta. Velit rerum voluptas a. Et et odit eum asperiores. Aut voluptas ea ut libero et nulla.', 3, '2019-01-13 05:12:37', '2019-01-13 05:12:37'),
(179, 11, 'Gerry Kling', 'Velit repellat ea ea asperiores placeat animi. Soluta repellat sint aut voluptas molestiae a. Asperiores odit delectus sint laborum officia ipsam rerum. Eius iusto est doloremque est id modi dignissimos fugiat.', 0, '2019-01-13 05:12:37', '2019-01-13 05:12:37'),
(180, 17, 'Alfonzo Wyman', 'Asperiores omnis impedit et repellendus quasi a quia quia. Ut omnis vitae qui enim saepe. Placeat veritatis eaque quia omnis accusantium doloribus.', 0, '2019-01-13 05:12:37', '2019-01-13 05:12:37'),
(181, 18, 'Yessenia Kshlerin', 'Deleniti et aliquam corrupti molestiae vel odio. Dolores deserunt odio illum nemo dignissimos temporibus sed quia.', 5, '2019-01-13 05:12:37', '2019-01-13 05:12:37'),
(182, 48, 'Dr. Kenneth Lynch', 'Molestiae facere maxime doloremque consequatur commodi assumenda. Quibusdam voluptatem est blanditiis et et laborum quibusdam consequuntur. Sequi quod debitis omnis corrupti optio. Vel voluptas non dolores sint sed vitae inventore.', 5, '2019-01-13 05:12:37', '2019-01-13 05:12:37'),
(183, 15, 'Isabell Krajcik', 'Dignissimos quia et nemo. Aut vel eius est et quas corporis. Est amet qui veniam.', 1, '2019-01-13 05:12:37', '2019-01-13 05:12:37'),
(184, 32, 'Wayne Braun', 'Vel reprehenderit natus illum fugit quis cumque eum. Veniam et maiores quia qui nostrum illum sed. Tempore aliquam quisquam molestiae aut nulla sit soluta ut.', 0, '2019-01-13 05:12:37', '2019-01-13 05:12:37'),
(185, 38, 'Dr. Anna Zemlak', 'Voluptatem quos odio culpa et id. Veniam id et laudantium qui repudiandae nihil iusto. Autem est id odit. Quia soluta ex et hic ut corrupti vitae.', 1, '2019-01-13 05:12:37', '2019-01-13 05:12:37'),
(186, 4, 'Floy Aufderhar', 'Aut mollitia deleniti accusantium amet fugiat rerum voluptas qui. Officiis necessitatibus qui recusandae eum velit. Animi tempora consequatur aut ullam doloremque. Porro itaque consequatur id est est soluta.', 5, '2019-01-13 05:12:37', '2019-01-13 05:12:37'),
(187, 7, 'Ben Howe', 'Vitae rerum temporibus voluptas consequatur ipsum nulla suscipit. Dignissimos velit corporis explicabo ea aut. Nemo nemo omnis labore voluptas quas. Quae earum maiores laudantium dolore quia molestiae autem.', 4, '2019-01-13 05:12:37', '2019-01-13 05:12:37'),
(188, 41, 'America King', 'Saepe et quod quas veniam earum. Non omnis pariatur consequatur minus ipsam. Suscipit autem voluptatem similique est tenetur non. Commodi voluptatibus ut aut velit ut quia.', 4, '2019-01-13 05:12:37', '2019-01-13 05:12:37'),
(189, 25, 'Bethany Hintz', 'Fugit sunt est aliquid quos est vel consequatur perferendis. Quae nulla dignissimos omnis sed.', 4, '2019-01-13 05:12:37', '2019-01-13 05:12:37'),
(190, 15, 'Mr. Nathaniel Dickinson I', 'Qui veniam cupiditate modi qui autem autem et. Earum ipsum ea ipsa delectus autem mollitia et cupiditate. Quo esse deserunt deserunt voluptate dolor vero iure placeat. Veritatis odio tempora laboriosam.', 1, '2019-01-13 05:12:37', '2019-01-13 05:12:37'),
(191, 33, 'Dallin Kovacek', 'Placeat aut voluptas ut voluptate sed deleniti. Ut hic atque animi nobis in vel eligendi. Delectus quae alias laborum nobis sed quis doloremque.', 5, '2019-01-13 05:12:37', '2019-01-13 05:12:37'),
(192, 49, 'Marietta Skiles', 'Cupiditate accusamus qui similique aut perferendis. Est quis ad mollitia molestias velit aut et. Reiciendis in qui officiis nam reprehenderit.', 1, '2019-01-13 05:12:37', '2019-01-13 05:12:37'),
(193, 24, 'Ike Medhurst', 'Blanditiis doloribus perspiciatis voluptatem illum expedita distinctio molestiae. Soluta eius molestiae aliquid repudiandae quo. Quae ducimus commodi doloribus qui numquam. Maxime aut harum ullam.', 4, '2019-01-13 05:12:37', '2019-01-13 05:12:37'),
(194, 36, 'Bradly Cassin', 'Repudiandae amet aliquid voluptatem consequatur quis et corrupti sequi. Eius qui non qui aspernatur. Est dolorem reprehenderit nihil ut assumenda. Ut quidem iure facilis recusandae voluptates minus doloribus ut.', 5, '2019-01-13 05:12:37', '2019-01-13 05:12:37'),
(195, 28, 'Merlin Medhurst', 'Voluptatum doloribus placeat laboriosam labore aut optio. Nesciunt voluptas aut corrupti. Officia ab quos quis ea.', 3, '2019-01-13 05:12:37', '2019-01-13 05:12:37'),
(196, 49, 'Ward Hoppe I', 'Aut minus vero et amet et aut odio. Aliquid laudantium maiores inventore ad dolorem eos. Natus quibusdam ducimus cumque tenetur. Autem eaque earum amet harum.', 2, '2019-01-13 05:12:37', '2019-01-13 05:12:37'),
(197, 42, 'Abigayle Crooks', 'Hic sequi voluptatem aliquam quia. Ut quis veritatis dolores similique. Aspernatur id adipisci amet ipsam. Quod necessitatibus a molestiae quia.', 4, '2019-01-13 05:12:37', '2019-01-13 05:12:37'),
(198, 31, 'Sheila Reinger', 'Quos enim quo doloremque. Sunt doloribus placeat nam. Corporis enim sequi eveniet sapiente at.', 2, '2019-01-13 05:12:38', '2019-01-13 05:12:38'),
(199, 20, 'Gretchen Satterfield', 'Maiores quia qui qui vero. Consequuntur reprehenderit inventore reprehenderit facere reiciendis molestiae. Sed velit placeat sed et.', 3, '2019-01-13 05:12:38', '2019-01-13 05:12:38'),
(200, 47, 'Liliana Hettinger', 'Ipsum ab suscipit impedit voluptatibus recusandae ipsum sit. Et nostrum soluta nulla modi. Optio enim occaecati ratione eligendi modi architecto consequuntur. Quis magni unde consectetur voluptatibus omnis.', 0, '2019-01-13 05:12:38', '2019-01-13 05:12:38'),
(201, 7, 'Aletha Dach IV', 'Ipsa veniam facere qui omnis est eveniet numquam. Rerum omnis aspernatur asperiores.', 5, '2019-01-13 05:12:38', '2019-01-13 05:12:38'),
(202, 2, 'Drew Purdy', 'Et deserunt voluptas necessitatibus aut sequi. Vel et dolorem nihil odit sed sint quidem. Architecto hic eum nobis doloribus at iste.', 0, '2019-01-13 05:12:38', '2019-01-13 05:12:38'),
(203, 47, 'Hilario Buckridge DVM', 'Corporis beatae iure consequatur dolores quaerat id dignissimos. Voluptatem perspiciatis nihil rerum. Possimus optio mollitia est qui ut iure deserunt. Reiciendis officia ipsa a pariatur.', 3, '2019-01-13 05:12:38', '2019-01-13 05:12:38'),
(204, 3, 'Lola Cormier', 'Inventore perspiciatis eos id sint ipsum et. Et rem earum eius veritatis reiciendis. Doloremque nam aspernatur enim magni qui qui adipisci omnis. Et velit ullam nesciunt enim atque dolore animi quisquam. Culpa vel culpa quae magnam sed quos.', 3, '2019-01-13 05:12:38', '2019-01-13 05:12:38'),
(205, 21, 'Dr. Vada Hessel IV', 'Sed velit natus inventore et et. Excepturi et quis voluptatem commodi facilis. Occaecati qui veniam dolorum et eius quisquam.', 3, '2019-01-13 05:12:38', '2019-01-13 05:12:38'),
(206, 44, 'Neha Hansen', 'Enim nisi consequatur exercitationem voluptatibus doloremque nisi cupiditate. Quis incidunt ipsa quibusdam beatae consequatur. Nihil temporibus totam velit voluptatem ut.', 5, '2019-01-13 05:12:38', '2019-01-13 05:12:38'),
(207, 13, 'Micah Gutmann', 'Nihil aut explicabo ab omnis dicta velit. Dolores adipisci quod voluptate quam ex. Unde modi voluptas earum aut consequatur.', 1, '2019-01-13 05:12:38', '2019-01-13 05:12:38'),
(208, 23, 'Nicholaus Weber', 'Et quos dolores qui dicta possimus. Nemo beatae hic magnam ipsam magnam a nobis. Perspiciatis aut dolorum molestiae ea est. Doloremque voluptatum illo consequatur aut eum alias.', 4, '2019-01-13 05:12:38', '2019-01-13 05:12:38'),
(209, 10, 'Prof. Gordon Wuckert', 'Fuga dolore dolorum qui earum dicta. Libero voluptatem nostrum architecto et quo ipsam. Quia ut velit deserunt omnis. Voluptatem ea non est laborum labore repellat natus quo.', 2, '2019-01-13 05:12:38', '2019-01-13 05:12:38'),
(210, 5, 'Prof. Sven Koss', 'Fuga fugiat ipsa est nulla. Velit nisi cupiditate ex at non. Voluptatem illo reprehenderit non non sint.', 5, '2019-01-13 05:12:38', '2019-01-13 05:12:38'),
(211, 35, 'Prof. Thea Paucek V', 'Autem asperiores et ex itaque illo suscipit rerum. Perferendis et quos voluptatem blanditiis. Commodi ut in voluptatem magnam.', 3, '2019-01-13 05:12:38', '2019-01-13 05:12:38'),
(212, 31, 'Gilda Hodkiewicz V', 'Esse animi ut ut cum nihil omnis et. Nemo iste consequatur odio unde rerum. Quia ducimus itaque eligendi voluptate commodi hic.', 2, '2019-01-13 05:12:38', '2019-01-13 05:12:38');
INSERT INTO `reviews` (`id`, `product_id`, `customer`, `review`, `star`, `created_at`, `updated_at`) VALUES
(213, 15, 'Alyson Hoppe', 'Omnis sequi rerum odio nam autem fugit. Fugit adipisci facere debitis non quia. Optio sit voluptatum culpa ea facilis. Quo est velit numquam eius ab.', 5, '2019-01-13 05:12:38', '2019-01-13 05:12:38'),
(214, 35, 'Dr. Abdul Roob', 'Sed nihil maxime blanditiis ut aperiam. Iusto doloribus reprehenderit eos velit quidem reprehenderit. Repellat ut aut qui sed molestiae ut. Ex harum aut dignissimos natus error quaerat.', 2, '2019-01-13 05:12:38', '2019-01-13 05:12:38'),
(215, 14, 'Muriel Trantow', 'Rerum quaerat cumque perspiciatis excepturi. Provident quae nobis possimus velit omnis. Et tempore consequatur provident et.', 4, '2019-01-13 05:12:38', '2019-01-13 05:12:38'),
(216, 6, 'Miss Shakira Rolfson III', 'Est qui ratione non dolore ullam consequatur neque velit. Vero excepturi sed minima aspernatur.', 0, '2019-01-13 05:12:38', '2019-01-13 05:12:38'),
(217, 18, 'Dr. Franco Hoppe III', 'Accusamus similique rerum officia explicabo dolor voluptatibus eos. Quia repellat sed incidunt sit. Omnis et sapiente ut rerum.', 4, '2019-01-13 05:12:38', '2019-01-13 05:12:38'),
(218, 8, 'Vanessa Moen PhD', 'Id quae velit cumque sapiente corporis at. Voluptas provident ipsam deserunt ut sapiente quam excepturi.', 0, '2019-01-13 05:12:38', '2019-01-13 05:12:38'),
(219, 37, 'Doris Gibson', 'Ut assumenda beatae blanditiis qui adipisci magni. Recusandae eligendi quasi dolores eum sapiente quisquam perferendis nemo. Labore placeat amet libero rerum mollitia recusandae.', 1, '2019-01-13 05:12:38', '2019-01-13 05:12:38'),
(220, 38, 'Karelle Kozey PhD', 'Nostrum consectetur modi cumque eaque voluptates in suscipit facilis. Corrupti cum vel voluptas inventore debitis. Voluptatibus dignissimos enim magnam iste delectus doloremque aut. Vel iure facilis laudantium laboriosam. Architecto quia nisi voluptas dolorem et.', 3, '2019-01-13 05:12:38', '2019-01-13 05:12:38'),
(221, 1, 'Eldridge Dach', 'Nemo ducimus ducimus facilis occaecati temporibus placeat. Blanditiis rerum incidunt voluptates occaecati quam qui nostrum. Odio nihil dicta est aut necessitatibus et non. Esse iste sit fugiat.', 3, '2019-01-13 05:12:38', '2019-01-13 05:12:38'),
(222, 45, 'Forrest Bashirian', 'Et ut molestiae at aperiam. Maiores deserunt eos hic. Incidunt eum facere non quidem consequuntur.', 1, '2019-01-13 05:12:38', '2019-01-13 05:12:38'),
(223, 7, 'Eldred Orn', 'Possimus harum vel soluta veniam reiciendis. Autem odit perspiciatis ut unde repellat maxime exercitationem. Expedita esse sit aliquid. Et itaque ab odit et placeat eum vel.', 4, '2019-01-13 05:12:38', '2019-01-13 05:12:38'),
(224, 38, 'Eva Batz', 'Quis et ipsam aut et neque accusamus sequi. Quas sapiente ullam provident natus in. Repellendus consequuntur atque voluptas culpa et recusandae. Fugiat illum voluptas quis nostrum.', 3, '2019-01-13 05:12:38', '2019-01-13 05:12:38'),
(225, 29, 'Maia Lowe', 'Vitae quasi deserunt quam delectus. Numquam quas provident sit a et aut quos. Voluptatibus quia ex voluptas aliquam.', 1, '2019-01-13 05:12:38', '2019-01-13 05:12:38'),
(226, 36, 'Trycia Lang', 'Magni quo ipsam at et non voluptas est. Eum numquam et repudiandae similique aut incidunt. Dolorem ut consequatur sit libero ratione dolor odit. Sunt in veritatis et quis sint. Et et numquam dolor adipisci inventore cupiditate.', 3, '2019-01-13 05:12:38', '2019-01-13 05:12:38'),
(227, 31, 'Darrick Berge', 'Laudantium architecto est quae et. Optio illo ut sunt reiciendis officia. Aliquid hic qui voluptas impedit velit sequi omnis.', 5, '2019-01-13 05:12:38', '2019-01-13 05:12:38'),
(228, 3, 'Urban Feeney', 'Iste modi blanditiis quasi harum necessitatibus. Totam voluptas id a culpa dolore blanditiis corrupti. Et doloribus ipsum architecto vel hic sequi debitis.', 1, '2019-01-13 05:12:39', '2019-01-13 05:12:39'),
(229, 46, 'Mrs. Malinda Stroman', 'Consequatur sapiente qui quae delectus. Autem unde animi quod sint. Veniam vero est molestiae repellat nesciunt nemo. Doloribus aliquam velit alias voluptatum sed excepturi.', 4, '2019-01-13 05:12:39', '2019-01-13 05:12:39'),
(230, 25, 'Porter McClure', 'Animi et consequatur impedit suscipit repellendus vel. Voluptatibus quisquam et tempore asperiores nisi. Eos quod perferendis voluptatibus pariatur. Sed minima non repudiandae rerum.', 1, '2019-01-13 05:12:39', '2019-01-13 05:12:39'),
(231, 35, 'Casper Murray', 'Ut quia neque quia quo nulla. Qui eaque reiciendis commodi perspiciatis. Est aut dolorem eveniet quidem ut quis rem. Eaque rerum dolores quia voluptatibus.', 3, '2019-01-13 05:12:39', '2019-01-13 05:12:39'),
(232, 10, 'Laney Morissette', 'Quis sequi odio architecto fugit temporibus repellendus voluptas. Aut nulla aut ipsum ut nobis exercitationem.', 1, '2019-01-13 05:12:39', '2019-01-13 05:12:39'),
(233, 18, 'Natalie Zemlak', 'Animi laboriosam qui nihil numquam voluptates. Dignissimos necessitatibus aut error et ex. Velit exercitationem dignissimos laboriosam.', 5, '2019-01-13 05:12:39', '2019-01-13 05:12:39'),
(234, 31, 'Kennith Krajcik Sr.', 'Consequatur dolor est eius odio sed minus saepe. Excepturi sint eum aut alias quam at. Sint dolorem et labore.', 2, '2019-01-13 05:12:39', '2019-01-13 05:12:39'),
(235, 43, 'Maci Senger III', 'Odit error officiis omnis ut deleniti et voluptas ex. Sit quia eos qui non et at dignissimos qui. Enim ut enim quisquam sunt. Perferendis eos sint amet veniam dignissimos impedit quam.', 5, '2019-01-13 05:12:39', '2019-01-13 05:12:39'),
(236, 34, 'Kathlyn Bruen', 'Necessitatibus sed minus qui sit. Omnis adipisci reprehenderit omnis molestiae. Tenetur maxime ut voluptatem fuga sequi quo.', 3, '2019-01-13 05:12:39', '2019-01-13 05:12:39'),
(237, 43, 'Gia Rath', 'Voluptas pariatur et mollitia et. Quos dolor nihil quia facere iste maiores saepe mollitia. Ex quia sunt ullam consequatur et aut.', 0, '2019-01-13 05:12:39', '2019-01-13 05:12:39'),
(238, 11, 'Dr. Hattie Hodkiewicz Sr.', 'Et debitis vel sapiente perspiciatis consequuntur. Deserunt voluptatem aliquam iure. Placeat cupiditate illo quisquam maiores eum iure. Eaque possimus consectetur quia.', 4, '2019-01-13 05:12:39', '2019-01-13 05:12:39'),
(239, 48, 'Kay Volkman', 'Aspernatur eum exercitationem quibusdam et vitae similique. Quibusdam veritatis dicta nulla sed.', 1, '2019-01-13 05:12:39', '2019-01-13 05:12:39'),
(240, 40, 'Aileen Armstrong', 'Dolores voluptas sint est placeat ipsum. Soluta quo recusandae repellendus laborum ipsum et et. Soluta maiores et sit distinctio maiores impedit. Recusandae sint non quis sit harum et dolore.', 2, '2019-01-13 05:12:39', '2019-01-13 05:12:39'),
(241, 23, 'Henry Cremin', 'Est voluptas delectus omnis sit. Culpa dolorum natus soluta cum amet culpa. Qui sunt doloribus ratione quasi ex magnam est officia.', 4, '2019-01-13 05:12:39', '2019-01-13 05:12:39'),
(242, 21, 'Miss Margarett Sanford', 'Doloribus culpa itaque illo qui quaerat velit impedit. Minima itaque sit quo esse quasi. Aliquam molestiae architecto sed dolores ex dolore nihil. Illo hic ea ipsa voluptatem.', 1, '2019-01-13 05:12:39', '2019-01-13 05:12:39'),
(243, 39, 'Mr. Chase Treutel DDS', 'Corporis aut minima est sequi et nobis. Velit inventore quibusdam ipsum dolor rerum veniam provident. Facere labore hic voluptas facilis fugit ad accusantium voluptatem. Nihil est laudantium nobis modi.', 0, '2019-01-13 05:12:39', '2019-01-13 05:12:39'),
(244, 39, 'Dr. Cecilia Fahey PhD', 'Exercitationem nam tenetur commodi corporis consequatur. Corporis aut cumque fugiat officiis enim reiciendis nostrum. Eos dicta omnis rerum nostrum nihil animi doloremque et. At quae ipsam est ad. Dolores ratione esse doloremque veritatis ipsa laboriosam minus.', 5, '2019-01-13 05:12:39', '2019-01-13 05:12:39'),
(245, 30, 'Izaiah Medhurst', 'Voluptatem soluta consequatur qui eius sed porro facere. Nobis officia vel dicta qui quo impedit corrupti similique. Id nemo ut eos ab. Beatae eius officia est nostrum alias quo.', 4, '2019-01-13 05:12:39', '2019-01-13 05:12:39'),
(246, 10, 'Lorena Schultz', 'Aperiam corrupti cupiditate doloremque et perspiciatis voluptas provident. Aut accusamus laudantium et culpa. Hic ratione quia quam et. Quas dolores sit qui fugit blanditiis accusamus.', 4, '2019-01-13 05:12:39', '2019-01-13 05:12:39'),
(247, 29, 'Kaden Hudson', 'Sed nulla magnam eius enim doloremque. Vitae corrupti est ad incidunt aliquam et et. Dolor iure et vero illum. Qui eveniet aut et.', 3, '2019-01-13 05:12:39', '2019-01-13 05:12:39'),
(248, 21, 'Daphne Fahey', 'Omnis soluta sed minima blanditiis. Aut aspernatur est earum tenetur cupiditate commodi. Voluptas debitis earum aut dolorem. Distinctio omnis nihil nulla qui.', 3, '2019-01-13 05:12:39', '2019-01-13 05:12:39'),
(249, 22, 'Anabelle Cormier', 'Sit dolores libero inventore autem. Quae explicabo eum qui deleniti. Rem facilis voluptatem error nesciunt dicta consequuntur. Sint nostrum quo vero velit voluptas doloremque accusamus.', 2, '2019-01-13 05:12:39', '2019-01-13 05:12:39'),
(250, 15, 'Dr. Fae Howell III', 'Tempora error qui quia quod. Et dolorem non similique eligendi molestias incidunt. Qui alias assumenda quas amet veniam. Ut error praesentium facere reiciendis.', 5, '2019-01-13 05:12:39', '2019-01-13 05:12:39'),
(251, 35, 'Nya Durgan', 'Deleniti et illo necessitatibus quas. Qui aliquam consequatur veritatis enim. Inventore voluptates provident voluptate laudantium. Eos eligendi dolor sit cum at. Consequatur recusandae eaque optio maxime rem.', 4, '2019-01-13 05:12:39', '2019-01-13 05:12:39'),
(252, 11, 'Alexa Donnelly MD', 'Nulla expedita provident ut et. Dolor sunt et explicabo reiciendis velit ipsam. Et rem dolorum impedit quod. Aperiam qui sint facere odit.', 3, '2019-01-13 05:12:39', '2019-01-13 05:12:39'),
(253, 37, 'Stewart Huel', 'Harum itaque vitae sed ducimus ad magni id nobis. Ut veniam esse consequatur et molestiae.', 3, '2019-01-13 05:12:39', '2019-01-13 05:12:39'),
(254, 50, 'Prof. Sim Ullrich I', 'Cumque sed excepturi reprehenderit dolore accusantium pariatur vero et. Necessitatibus nobis corrupti fuga dolores consectetur et. Consequuntur minima voluptas excepturi ipsa. Dicta velit sint cupiditate eveniet odio quam.', 0, '2019-01-13 05:12:39', '2019-01-13 05:12:39'),
(255, 6, 'Domenick Ferry', 'Sint rerum rerum quibusdam asperiores sint. Eum vero velit blanditiis totam aut possimus. Architecto unde excepturi alias sed vitae commodi voluptas voluptas.', 0, '2019-01-13 05:12:39', '2019-01-13 05:12:39'),
(256, 44, 'Matteo Rodriguez', 'Inventore dolores et reprehenderit dolore quis temporibus. Eveniet id alias sit consequatur in temporibus qui.', 3, '2019-01-13 05:12:39', '2019-01-13 05:12:39'),
(257, 12, 'Miss Alize Langworth Jr.', 'Labore voluptatem id eum voluptas. Nihil sequi quasi aliquam asperiores sunt commodi sunt. Reprehenderit sunt aperiam hic aperiam dolores.', 5, '2019-01-13 05:12:40', '2019-01-13 05:12:40'),
(258, 38, 'Esther Beatty', 'Nisi corrupti dolore ipsum tempora est dolorem dolor voluptate. Molestiae eum modi voluptatem aliquam et. Asperiores debitis reiciendis totam. Quaerat accusantium quia voluptatum vitae enim velit.', 0, '2019-01-13 05:12:40', '2019-01-13 05:12:40'),
(259, 48, 'Pink Kunde', 'Nostrum quia qui eos nostrum excepturi inventore perspiciatis. Quos consequatur et eius sed. Quam sit amet qui eos dicta voluptates dolor.', 0, '2019-01-13 05:12:40', '2019-01-13 05:12:40'),
(260, 12, 'Rhea Renner Jr.', 'Et omnis rerum laborum odit recusandae. Omnis et corporis magnam eligendi neque aut beatae. Distinctio perferendis quae exercitationem velit optio eius.', 1, '2019-01-13 05:12:40', '2019-01-13 05:12:40'),
(261, 49, 'Dr. Berta Larkin', 'Praesentium id est adipisci et. Est sed dicta impedit aspernatur. Dolorum at ea delectus ab expedita harum repudiandae nobis. Eos exercitationem qui cumque soluta occaecati sit.', 4, '2019-01-13 05:12:40', '2019-01-13 05:12:40'),
(262, 15, 'Eveline Gleichner III', 'Voluptatum harum non aut non earum voluptas omnis. Animi repellat nam cupiditate vitae. Et id consequatur necessitatibus est hic.', 5, '2019-01-13 05:12:40', '2019-01-13 05:12:40'),
(263, 11, 'Chad Goldner Jr.', 'Modi eius voluptatum ut sunt ab quia. Vero culpa veniam tenetur alias aliquid. Nam repellendus est aut autem officiis iste ratione dolor. Exercitationem enim officiis ut quisquam architecto ut delectus. Et enim deserunt ducimus magni quia voluptas.', 2, '2019-01-13 05:12:40', '2019-01-13 05:12:40'),
(264, 32, 'Mrs. Lavinia Koch', 'Eveniet saepe ratione culpa libero aut. Mollitia beatae sit natus non sed quibusdam ex quis. Voluptatem eaque nostrum saepe et nesciunt.', 2, '2019-01-13 05:12:40', '2019-01-13 05:12:40'),
(265, 40, 'Kayli O\'Keefe', 'Eligendi libero aliquam eum consectetur inventore asperiores. Rerum mollitia odit vel nulla enim. Placeat et est facilis omnis praesentium. Quidem repellendus ut odio placeat laboriosam rerum.', 3, '2019-01-13 05:12:40', '2019-01-13 05:12:40'),
(266, 25, 'Gladys Lubowitz', 'Molestias ut quis fugiat asperiores deserunt quidem. Odit voluptas eaque qui sequi. Voluptas impedit exercitationem et modi velit sed. Magni est veritatis voluptas est.', 3, '2019-01-13 05:12:40', '2019-01-13 05:12:40'),
(267, 3, 'Dr. Mohammad Hammes', 'Tempora omnis et non porro. Cupiditate amet quis ratione. Quia voluptatem tempore veniam quibusdam inventore sit autem impedit. Voluptatem nulla molestiae perferendis saepe est unde amet.', 1, '2019-01-13 05:12:40', '2019-01-13 05:12:40'),
(268, 37, 'Maci Tromp III', 'Asperiores voluptas a et aliquid est. Fugit amet officia quibusdam consequatur explicabo alias nihil. Qui eligendi autem qui similique. Maxime illo accusantium nulla accusamus labore sapiente. Aut et in voluptatum voluptas earum.', 5, '2019-01-13 05:12:40', '2019-01-13 05:12:40'),
(269, 10, 'Vaughn Koepp', 'Aut voluptate quis nisi est perferendis et beatae. Fugiat fuga ullam veritatis expedita provident. Non nulla laboriosam eaque.', 2, '2019-01-13 05:12:40', '2019-01-13 05:12:40'),
(270, 12, 'Leif Vandervort', 'Explicabo repudiandae consectetur numquam eius enim id laboriosam beatae. Beatae aut reprehenderit explicabo exercitationem voluptas. Laudantium deserunt natus iusto omnis et modi.', 5, '2019-01-13 05:12:40', '2019-01-13 05:12:40'),
(271, 26, 'Kobe Kunde', 'Necessitatibus alias dolorum aperiam laboriosam magni. Fugiat quas aliquid corporis in ut cumque eum. Similique quo aut delectus eum non. Nesciunt eos porro dolores illo aut sint.', 2, '2019-01-13 05:12:40', '2019-01-13 05:12:40'),
(272, 28, 'Julia Rohan II', 'Temporibus odit eos ab veritatis. Doloremque nihil vel velit eum eius aut. Facere doloribus ducimus suscipit nihil.', 1, '2019-01-13 05:12:40', '2019-01-13 05:12:40'),
(273, 32, 'Olaf Ratke III', 'Nulla suscipit dolorem ut excepturi nemo corporis. Sint velit eligendi saepe occaecati. Officia sit necessitatibus ullam repellat eos error odio.', 2, '2019-01-13 05:12:40', '2019-01-13 05:12:40'),
(274, 6, 'Prof. Osvaldo Morissette I', 'Repellat laborum accusantium perferendis debitis. Quibusdam iusto consequuntur tempore.', 0, '2019-01-13 05:12:40', '2019-01-13 05:12:40'),
(275, 23, 'Patricia Feil MD', 'Quos quo nesciunt doloremque consequatur. Voluptas culpa veniam dolore distinctio. Pariatur asperiores quo non quia dolor. Sit commodi architecto rem ducimus aut sit adipisci.', 0, '2019-01-13 05:12:40', '2019-01-13 05:12:40'),
(276, 25, 'Aimee Considine', 'Praesentium impedit sit consequuntur ipsum esse numquam dolor labore. Et commodi provident ea consequatur. Dolor porro aperiam est ab unde at tempora. Quia architecto non saepe enim nesciunt.', 2, '2019-01-13 05:12:40', '2019-01-13 05:12:40'),
(277, 49, 'Dr. Lexi Schulist MD', 'Ratione omnis facilis qui officiis sit nam cumque. Consequuntur voluptates consectetur temporibus odit eveniet possimus nulla.', 5, '2019-01-13 05:12:40', '2019-01-13 05:12:40'),
(278, 40, 'Emmanuel Windler', 'Soluta error dicta distinctio reiciendis pariatur debitis ducimus quaerat. Iusto dolor asperiores exercitationem molestiae natus magni. Quia molestiae earum harum.', 0, '2019-01-13 05:12:40', '2019-01-13 05:12:40'),
(279, 28, 'Abdullah Jacobi', 'Tenetur totam qui doloremque fuga quasi. Molestias et rerum natus quos voluptate non. Provident fugiat sint voluptas asperiores exercitationem soluta deleniti. Est ea quia cumque eos. Est suscipit et velit et occaecati eos.', 4, '2019-01-13 05:12:40', '2019-01-13 05:12:40'),
(280, 1, 'Eldridge Rath', 'Ipsum natus sit sit deserunt dolorum consequatur autem. In accusantium non sit debitis consequuntur. Ut cum ut qui.', 5, '2019-01-13 05:12:40', '2019-01-13 05:12:40'),
(281, 43, 'Adelle Hand I', 'Ullam et consequatur facere dolor eligendi dolorem molestiae. Quaerat ea corporis quia nam quia. Optio asperiores ex harum molestias qui omnis.', 3, '2019-01-13 05:12:40', '2019-01-13 05:12:40'),
(282, 48, 'Jimmie Morissette', 'Facilis est repudiandae voluptatem odit natus. Aliquid et itaque quisquam non fugit laboriosam laboriosam. Accusamus illo sunt commodi maiores consequatur dolorum non.', 5, '2019-01-13 05:12:40', '2019-01-13 05:12:40'),
(283, 2, 'Miss Serenity Hammes', 'Et ipsum et est delectus autem voluptatem molestiae. Blanditiis dolor sed dolores repellat. Beatae eum repellendus atque magni unde nulla sint. Quis eum fugiat sint sequi officia rerum molestias.', 3, '2019-01-13 05:12:40', '2019-01-13 05:12:40'),
(284, 32, 'Matilde Ryan I', 'Voluptate aut labore sint sit consequatur veniam dolorem autem. Temporibus labore necessitatibus qui. Quod rerum consequuntur quam rem voluptatem quia molestias. Molestiae voluptatem est tenetur asperiores et.', 5, '2019-01-13 05:12:40', '2019-01-13 05:12:40'),
(285, 2, 'Carolyn Wilderman', 'Quis consectetur reprehenderit corporis atque. Unde et iusto sunt enim nihil qui quo sapiente. Voluptates necessitatibus necessitatibus similique ea ut dolores nisi voluptatem. Maxime voluptas laborum dolores praesentium sunt pariatur neque.', 5, '2019-01-13 05:12:40', '2019-01-13 05:12:40'),
(286, 50, 'Camden Graham', 'Ad labore non eligendi est ex sint nulla nihil. Dolores odit a sequi perferendis. Nostrum et nihil molestias fugiat repellat. Iure ipsam non quia ipsam qui animi odio aut.', 2, '2019-01-13 05:12:40', '2019-01-13 05:12:40'),
(287, 15, 'Chaya Leffler', 'Quia architecto aut laborum est temporibus et nesciunt. Quia vel quasi placeat necessitatibus. In aut qui labore et aliquam velit ea dicta.', 1, '2019-01-13 05:12:40', '2019-01-13 05:12:40'),
(288, 19, 'Cathy Tremblay', 'Omnis et nulla consequatur voluptatum doloribus perferendis aut. Ea sed illo incidunt quam. Sit est assumenda deleniti repellendus enim. Eos et cumque vel ullam dolorem tempora.', 2, '2019-01-13 05:12:40', '2019-01-13 05:12:40'),
(289, 11, 'Hayley Armstrong', 'Quibusdam sed explicabo fugiat vitae sunt. Excepturi dicta velit suscipit voluptas fugit. Dolorem impedit qui consequatur quibusdam laudantium. Voluptatibus quis pariatur repellendus dolorum.', 5, '2019-01-13 05:12:40', '2019-01-13 05:12:40'),
(290, 16, 'Carlos Brekke', 'Qui dignissimos exercitationem saepe sint vero voluptas. Sunt tenetur facere qui aut deleniti. Et sed ab in. Aut ut laboriosam dolor ut consequuntur.', 4, '2019-01-13 05:12:40', '2019-01-13 05:12:40'),
(291, 35, 'Miss Reba Will Sr.', 'Eum quia perferendis voluptates aut. In libero sit eos veritatis excepturi nostrum debitis architecto. Nam nihil omnis rem temporibus repellat saepe autem.', 5, '2019-01-13 05:12:40', '2019-01-13 05:12:40'),
(292, 23, 'Korey Lueilwitz', 'Aperiam eum voluptates in. Quia ducimus unde mollitia. Aut est suscipit quo dolores et ut. Vitae eius cupiditate nulla voluptatem rerum porro quibusdam nihil. Velit est ullam temporibus eum sunt.', 4, '2019-01-13 05:12:40', '2019-01-13 05:12:40'),
(293, 9, 'Alberto Dibbert', 'Omnis sint recusandae sed quasi illo ipsum ullam. Dignissimos harum vero temporibus voluptatem asperiores a. Laboriosam beatae sed rerum dolorem. Dolores qui et quod ut molestiae.', 3, '2019-01-13 05:12:40', '2019-01-13 05:12:40'),
(294, 39, 'Kelly Walker', 'Quibusdam quam aspernatur omnis aut quia ratione quam. Repudiandae eius excepturi quaerat id. Fugit consequatur autem laudantium beatae sed. Atque corrupti debitis quaerat deleniti. Expedita aliquam quia nam consectetur asperiores est ad.', 3, '2019-01-13 05:12:40', '2019-01-13 05:12:40'),
(295, 11, 'Micaela Zemlak', 'Dicta molestiae voluptates error quibusdam ut explicabo sequi nobis. Earum quis et quam enim ducimus. Error aut in beatae quae exercitationem reprehenderit consequatur. Delectus adipisci dignissimos occaecati dolorem perspiciatis est corporis. Rerum maxime eum perspiciatis cupiditate eveniet praesentium sapiente voluptatum.', 2, '2019-01-13 05:12:40', '2019-01-13 05:12:40'),
(296, 22, 'Brad Schumm II', 'At beatae quos sed soluta magnam aut quia. Inventore culpa veniam beatae autem quos omnis quisquam libero. Minus sint eaque totam aperiam ut commodi ut.', 4, '2019-01-13 05:12:41', '2019-01-13 05:12:41'),
(297, 5, 'Savannah Murphy', 'Nostrum ducimus consequatur excepturi dolorem nihil. Id repellendus qui amet et exercitationem minima. Dolor et minima cupiditate sequi. Similique ipsa dicta aut iusto error delectus. A accusamus quod eius sit in qui vitae.', 5, '2019-01-13 05:12:41', '2019-01-13 05:12:41'),
(298, 4, 'Celine Lind', 'Voluptatem consectetur reiciendis consequatur. Ratione recusandae quia quae cumque voluptatem fuga. Quas autem ex dicta esse velit voluptatem. Modi eaque perspiciatis amet ipsa.', 0, '2019-01-13 05:12:41', '2019-01-13 05:12:41'),
(299, 13, 'Alvena Medhurst', 'Dolor ab itaque aut facilis soluta dolores aut dolor. Illo fuga natus eum non omnis hic architecto non. Cumque alias autem in voluptates delectus vel eligendi ullam. Molestiae magnam esse modi et porro.', 1, '2019-01-13 05:12:41', '2019-01-13 05:12:41'),
(300, 12, 'Antonia Oberbrunner', 'Ut ullam et unde explicabo vitae. Sint ut iste ea voluptas. Saepe iure ullam ab voluptatem velit reprehenderit ipsam.', 3, '2019-01-13 05:12:41', '2019-01-13 05:12:41');

-- --------------------------------------------------------

--
-- Table structure for table `users`
--

CREATE TABLE `users` (
  `id` int(10) UNSIGNED NOT NULL,
  `name` varchar(191) COLLATE utf8mb4_unicode_ci NOT NULL,
  `email` varchar(191) COLLATE utf8mb4_unicode_ci NOT NULL,
  `email_verified_at` timestamp NULL DEFAULT NULL,
  `password` varchar(191) COLLATE utf8mb4_unicode_ci NOT NULL,
  `remember_token` varchar(100) COLLATE utf8mb4_unicode_ci DEFAULT NULL,
  `created_at` timestamp NULL DEFAULT NULL,
  `updated_at` timestamp NULL DEFAULT NULL
) ENGINE=InnoDB DEFAULT CHARSET=utf8mb4 COLLATE=utf8mb4_unicode_ci;

--
-- Indexes for dumped tables
--

--
-- Indexes for table `migrations`
--
ALTER TABLE `migrations`
  ADD PRIMARY KEY (`id`);

--
-- Indexes for table `password_resets`
--
ALTER TABLE `password_resets`
  ADD KEY `password_resets_email_index` (`email`);

--
-- Indexes for table `products`
--
ALTER TABLE `products`
  ADD PRIMARY KEY (`id`);

--
-- Indexes for table `reviews`
--
ALTER TABLE `reviews`
  ADD PRIMARY KEY (`id`),
  ADD KEY `reviews_product_id_index` (`product_id`);

--
-- Indexes for table `users`
--
ALTER TABLE `users`
  ADD PRIMARY KEY (`id`),
  ADD UNIQUE KEY `users_email_unique` (`email`);

--
-- AUTO_INCREMENT for dumped tables
--

--
-- AUTO_INCREMENT for table `migrations`
--
ALTER TABLE `migrations`
  MODIFY `id` int(10) UNSIGNED NOT NULL AUTO_INCREMENT, AUTO_INCREMENT=5;

--
-- AUTO_INCREMENT for table `products`
--
ALTER TABLE `products`
  MODIFY `id` int(10) UNSIGNED NOT NULL AUTO_INCREMENT, AUTO_INCREMENT=51;

--
-- AUTO_INCREMENT for table `reviews`
--
ALTER TABLE `reviews`
  MODIFY `id` int(10) UNSIGNED NOT NULL AUTO_INCREMENT, AUTO_INCREMENT=301;

--
-- AUTO_INCREMENT for table `users`
--
ALTER TABLE `users`
  MODIFY `id` int(10) UNSIGNED NOT NULL AUTO_INCREMENT;

--
-- Constraints for dumped tables
--

--
-- Constraints for table `reviews`
--
ALTER TABLE `reviews`
  ADD CONSTRAINT `reviews_product_id_foreign` FOREIGN KEY (`product_id`) REFERENCES `products` (`id`) ON DELETE CASCADE;
COMMIT;

/*!40101 SET CHARACTER_SET_CLIENT=@OLD_CHARACTER_SET_CLIENT */;
/*!40101 SET CHARACTER_SET_RESULTS=@OLD_CHARACTER_SET_RESULTS */;
/*!40101 SET COLLATION_CONNECTION=@OLD_COLLATION_CONNECTION */;
